Timestamp,IntegrationTime_us,LED_State,Comment,Max_ADC,P0,P1,P2,P3,P4,P5,P6,P7,P8,P9,P10,P11,P12,P13,P14,P15,P16,P17,P18,P19,P20,P21,P22,P23,P24,P25,P26,P27,P28,P29,P30,P31,P32,P33,P34,P35,P36,P37,P38,P39,P40,P41,P42,P43,P44,P45,P46,P47,P48,P49,P50,P51,P52,P53,P54,P55,P56,P57,P58,P59,P60,P61,P62,P63,P64,P65,P66,P67,P68,P69,P70,P71,P72,P73,P74,P75,P76,P77,P78,P79,P80,P81,P82,P83,P84,P85,P86,P87,P88,P89,P90,P91,P92,P93,P94,P95,P96,P97,P98,P99,P100,P101,P102,P103,P104,P105,P106,P107,P108,P109,P110,P111,P112,P113,P114,P115,P116,P117,P118,P119,P120,P121,P122,P123,P124,P125,P126,P127,P128,P129,P130,P131,P132,P133,P134,P135,P136,P137,P138,P139,P140,P141,P142,P143,P144,P145,P146,P147,P148,P149,P150,P151,P152,P153,P154,P155,P156,P157,P158,P159,P160,P161,P162,P163,P164,P165,P166,P167,P168,P169,P170,P171,P172,P173,P174,P175,P176,P177,P178,P179,P180,P181,P182,P183,P184,P185,P186,P187,P188,P189,P190,P191,P192,P193,P194,P195,P196,P197,P198,P199,P200,P201,P202,P203,P204,P205,P206,P207,P208,P209,P210,P211,P212,P213,P214,P215,P216,P217,P218,P219,P220,P221,P222,P223,P224,P225,P226,P227,P228,P229,P230,P231,P232,P233,P234,P235,P236,P237,P238,P239,P240,P241,P242,P243,P244,P245,P246,P247,P248,P249,P250,P251,P252,P253,P254,P255,P256,P257,P258,P259,P260,P261,P262,P263,P264,P265,P266,P267,P268,P269,P270,P271,P272,P273,P274,P275,P276,P277,P278,P279,P280,P281,P282,P283,P284,P285,P286,P287
"2026-09-23 20:37:54.456",1000000,ON,"coriander",861,371,428,417,416,421,414,448,416,406,420,403,429,436,425,419,407,400,410,400,413,416,405,432,409,400,409,369,411,405,404,394,402,393,393,403,405,402,397,389,414,391,419,406,400,416,425,405,432,411,418,448,442,476,490,483,511,495,485,636,479,473,477,455,461,464,486,464,465,432,464,496,554,481,496,494,656,528,557,544,564,628,571,589,587,590,604,593,638,630,627,616,619,651,656,655,691,672,697,681,691,689,713,751,710,720,757,759,782,784,784,785,813,818,830,805,836,847,861,860,822,815,852,811,816,806,779,777,767,754,748,755,723,720,702,688,687,659,656,688,631,640,611,587,589,560,589,547,546,543,555,529,529,493,507,489,490,496,535,492,471,461,473,498,478,460,456,439,454,436,432,434,427,439,416,446,415,421,447,444,409,423,409,400,397,400,401,400,427,412,404,398,402,403,398,432,403,401,403,405,393,404,399,389,391,401,395,411,410,382,403,416,393,400,377,394,385,401,413,384,386,407,389,401,400,383,448,389,389,395,382,398,395,386,389,383,409,410,432,402,397,378,388,409,399,390,401,397,422,395,402,397,400,418,389,415,405,402,401,416,387,402,397,403,454,400,403,399,402,400,400,439,411,400,403,398,393,402,404,400,426,397,389,428,419,432,417,418,404
"2026-09-23 20:37:59.706",1000000,ON,"coriander",997,368,446,422,412,420,413,444,410,402,418,400,418,439,431,416,410,398,406,406,401,415,411,435,412,400,411,395,403,401,406,400,401,391,418,410,402,400,387,398,414,391,419,404,399,413,429,411,435,416,430,458,454,496,528,533,560,543,537,673,511,511,500,491,486,501,511,496,489,477,493,529,581,525,545,538,703,572,589,592,615,675,627,645,655,661,684,673,702,706,709,683,691,736,729,737,773,759,791,784,793,800,822,859,829,835,871,883,898,914,903,923,935,953,966,934,973,977,997,982,960,944,994,925,943,951,896,891,886,865,848,837,819,822,783,783,775,751,731,758,699,700,663,641,639,610,635,592,591,576,592,564,555,536,542,528,503,523,561,524,496,482,492,524,495,486,483,452,468,448,450,446,432,458,426,451,430,439,454,451,417,433,416,406,400,403,403,404,437,418,401,400,403,411,399,431,403,406,406,401,394,414,400,384,394,406,395,416,410,387,400,415,394,398,379,394,386,401,417,384,387,417,395,398,400,384,448,389,396,400,384,399,394,368,384,386,411,411,432,399,399,384,384,409,394,389,397,393,416,395,402,394,403,407,397,411,401,401,409,423,396,401,399,409,463,400,400,397,402,400,400,432,405,394,413,402,398,411,409,401,419,397,395,426,419,431,422,421,409
"2026-09-23 20:38:04.942",1000000,ON,"coriander",1132,371,418,416,416,417,414,448,420,407,420,401,432,448,432,421,411,401,407,406,416,416,406,438,409,400,411,399,409,409,407,400,406,400,400,405,414,410,395,395,415,391,427,402,403,416,431,416,442,432,436,461,487,540,576,582,614,587,583,720,560,556,545,528,526,525,551,524,527,511,525,565,615,559,592,597,747,624,641,656,675,738,700,720,726,730,755,752,801,791,781,770,748,819,817,838,873,865,899,866,902,895,911,959,934,951,957,1003,1035,1054,1055,1054,1078,1086,1104,1068,1107,1105,1132,1118,1101,1094,1110,1086,1070,1063,1015,1014,987,976,956,959,912,909,873,867,846,819,800,831,775,768,726,700,697,656,680,639,628,619,633,601,593,562,576,560,554,546,583,547,531,508,523,546,511,499,487,468,485,502,463,462,448,464,432,465,439,446,464,455,424,443,427,417,401,410,413,413,444,424,411,400,412,414,401,405,410,403,406,412,400,402,400,395,393,411,398,438,414,390,417,413,400,404,380,390,391,402,415,384,389,419,390,401,403,388,438,400,400,400,385,399,400,385,385,390,419,414,435,400,400,386,388,411,400,398,411,398,425,395,412,394,411,416,400,375,410,406,410,422,416,405,386,409,456,413,422,401,400,398,414,435,406,395,400,400,398,412,407,395,422,396,395,427,419,432,422,416,405
"2026-09-23 20:38:10.178",1000000,ON,"coriander",1345,368,411,417,415,413,405,448,409,410,417,401,428,449,432,427,417,397,406,411,419,431,414,448,407,402,422,399,409,409,411,397,403,401,402,408,414,405,396,400,419,396,426,420,405,423,435,419,415,441,458,499,511,592,634,659,695,670,658,791,624,612,607,577,562,566,584,574,569,560,576,621,672,609,653,655,819,713,721,739,780,859,799,845,839,875,884,887,931,921,907,906,896,953,962,976,1014,1015,1055,1040,1057,1072,1078,1168,1123,1136,1182,1204,1232,1251,1250,1259,1293,1296,1307,1279,1327,1333,1345,1328,1313,1284,1310,1260,1267,1258,1206,1191,1172,1147,1137,1123,1079,1062,1013,1003,979,944,921,944,875,870,823,796,781,733,768,707,703,685,691,662,653,624,624,603,586,592,629,579,560,545,553,565,545,529,523,492,509,487,485,479,464,474,450,475,452,451,478,468,438,451,433,421,416,421,419,421,448,429,418,405,415,423,407,433,394,415,410,414,400,416,403,395,397,417,395,416,406,397,405,417,397,401,377,394,391,409,414,391,391,423,394,405,403,390,448,394,399,399,387,397,373,392,391,391,410,414,439,400,400,386,400,413,400,400,405,399,432,400,418,394,416,416,405,415,407,412,416,420,400,407,400,414,458,416,406,402,404,401,402,443,410,400,416,407,425,413,419,405,423,399,400,433,433,429,429,429,410
"2026-09-23 20:38:15.415",1000000,ON,"coriander",1431,367,421,429,423,417,413,457,420,416,422,405,415,448,433,423,417,401,411,417,422,431,415,441,413,404,379,404,415,414,405,400,405,402,399,417,410,409,397,401,418,399,432,422,401,430,437,432,457,460,468,529,550,623,672,699,742,720,697,830,655,641,635,605,593,617,622,595,593,585,608,641,709,641,688,687,874,741,777,787,795,899,848,893,907,914,944,956,987,976,980,971,978,1021,1023,1039,1091,1092,1120,1121,1133,1158,1168,1201,1200,1214,1270,1293,1312,1330,1331,1356,1375,1377,1391,1379,1413,1421,1428,1431,1406,1383,1423,1345,1346,1339,1287,1293,1245,1211,1201,1178,1135,1121,1088,1057,1040,999,927,986,925,912,855,830,814,769,788,735,720,717,734,670,667,635,640,624,610,611,648,592,578,551,567,577,565,545,530,506,523,493,493,484,473,491,458,483,454,460,482,477,443,454,439,431,425,432,429,425,451,432,418,411,414,423,405,441,419,409,418,416,405,419,406,402,400,416,407,426,418,397,410,423,400,408,387,400,385,405,419,400,394,417,400,407,402,386,444,400,400,402,388,400,403,390,403,397,419,421,442,404,402,389,400,416,405,400,409,406,430,400,422,403,418,421,409,423,416,417,419,429,400,412,412,413,464,416,416,402,413,404,410,448,414,403,409,402,401,425,416,403,426,406,401,433,431,439,429,431,417
"2026-09-23 20:38:20.651",1000000,ON,"coriander",1686,368,419,423,415,421,431,456,422,411,429,402,434,448,441,433,416,403,417,416,426,427,416,448,418,406,423,405,418,416,411,406,406,410,401,413,416,409,400,401,423,399,432,400,409,432,449,438,475,464,493,559,594,688,758,801,850,828,802,921,751,721,699,671,657,651,671,656,656,641,669,714,784,720,768,791,957,843,880,894,938,1031,971,1023,1041,1056,1092,1088,1143,1152,1136,1123,1113,1183,1186,1217,1259,1265,1307,1298,1325,1342,1362,1421,1405,1428,1488,1511,1535,1586,1575,1597,1623,1635,1647,1626,1659,1660,1686,1665,1638,1639,1649,1586,1587,1568,1504,1488,1437,1424,1397,1366,1305,1296,1232,1216,1193,1141,1110,1110,1051,1023,977,943,917,869,869,821,795,784,783,747,731,695,704,681,657,657,695,642,622,599,598,623,601,575,561,535,545,528,521,511,495,509,475,501,465,474,495,492,448,462,449,434,433,432,432,434,455,443,422,419,421,431,416,448,428,415,421,416,407,421,413,400,401,419,403,430,421,398,415,427,403,407,386,392,394,414,418,396,391,417,404,414,417,385,449,401,402,401,395,401,406,396,390,395,427,429,443,409,409,394,400,416,409,400,405,398,432,406,421,403,418,419,413,431,418,415,423,427,407,418,411,416,463,416,418,407,416,409,413,454,418,401,416,413,409,424,421,403,430,421,401,437,432,438,431,432,414
"2026-09-23 20:38:25.888",1000000,ON,"coriander",1833,368,432,419,427,420,417,457,415,384,422,415,437,457,441,422,417,407,414,419,420,431,415,448,417,406,432,405,422,416,413,397,408,406,411,420,410,412,398,406,426,400,432,432,422,437,447,446,483,481,511,591,634,746,826,890,933,911,878,862,801,789,768,725,705,695,707,697,693,685,710,754,831,772,827,842,1038,918,955,983,1023,1122,1072,1111,1136,1168,1202,1202,1258,1249,1234,1241,1254,1296,1317,1355,1389,1389,1438,1425,1458,1478,1479,1569,1535,1575,1639,1680,1730,1741,1744,1746,1787,1792,1807,1802,1829,1813,1833,1830,1821,1798,1827,1747,1718,1702,1654,1629,1588,1535,1503,1477,1419,1408,1342,1323,1296,1241,1215,1204,1136,1115,1060,1023,990,938,954,871,851,838,832,795,768,737,728,712,691,695,709,671,654,624,622,643,624,601,585,560,567,546,539,531,506,528,490,511,490,481,503,501,459,470,458,437,439,431,435,432,462,444,436,421,423,432,420,448,432,426,427,432,407,432,406,409,407,424,403,430,422,401,415,426,410,409,387,403,400,417,421,393,398,422,400,406,407,390,455,398,400,400,391,402,384,395,397,397,419,400,447,413,403,398,402,420,407,407,417,409,438,405,431,413,414,432,416,422,419,416,429,433,409,417,409,426,467,418,455,403,412,398,414,448,418,409,421,414,406,427,419,411,432,400,401,438,435,442,433,443,418
"2026-09-23 20:38:31.124",1000000,ON,"coriander",1963,370,426,423,417,421,425,464,419,417,426,410,445,453,443,432,417,403,417,420,428,432,426,451,418,406,425,410,421,423,426,400,415,407,406,417,425,417,400,410,432,400,438,428,427,436,461,453,494,490,528,606,663,784,884,946,993,966,931,1059,862,827,803,768,746,727,749,727,726,725,746,799,871,819,868,886,1088,961,1014,1042,1088,1189,1135,1184,1213,1245,1296,1281,1333,1331,1329,1316,1321,1370,1400,1423,1483,1493,1521,1527,1535,1571,1601,1664,1647,1691,1741,1782,1817,1861,1860,1893,1898,1907,1936,1904,1940,1936,1963,1956,1933,1899,1924,1856,1850,1809,1744,1726,1693,1643,1613,1584,1509,1487,1435,1401,1361,1323,1267,1274,1184,1173,1110,1072,1041,978,982,913,885,865,866,826,816,768,753,743,717,710,743,701,662,642,618,661,638,605,613,565,576,562,558,549,511,530,496,535,496,466,508,506,466,479,459,448,437,443,444,441,471,444,432,432,431,441,429,454,432,425,430,430,405,428,417,411,406,430,411,433,430,400,421,431,404,421,393,402,400,418,427,391,398,427,400,415,406,395,454,407,407,406,395,404,406,432,397,400,432,424,448,420,410,382,400,426,416,406,423,407,435,447,435,405,427,433,413,432,423,429,402,431,406,421,411,426,466,427,425,406,417,411,421,448,425,405,441,414,410,423,428,406,430,402,414,438,438,448,434,430,417
"2026-09-23 20:38:36.362",1000000,ON,"coriander",2062,368,431,431,423,430,416,464,422,414,427,417,437,454,447,428,437,411,418,418,429,431,415,453,424,415,419,403,418,428,419,411,420,411,409,424,427,416,401,400,417,400,419,427,422,443,464,460,500,498,545,624,687,813,913,992,1046,1034,986,1107,892,870,848,803,765,755,762,741,761,750,766,867,886,857,912,939,1130,1008,1071,1088,1148,1248,1200,1281,1267,1311,1347,1360,1407,1393,1378,1389,1390,1455,1461,1509,1535,1578,1636,1619,1648,1662,1676,1731,1734,1776,1834,1870,1906,1942,1949,1958,1986,1984,2032,1996,2031,2058,2062,2059,2004,2014,2018,1949,1919,1904,1841,1809,1754,1709,1674,1657,1582,1552,1495,1459,1408,1375,1327,1331,1232,1217,1152,1105,1076,1010,1019,950,915,895,895,855,832,786,778,765,737,741,767,711,695,656,656,669,652,626,614,583,592,560,559,550,534,549,511,534,496,499,521,507,471,483,470,446,447,442,445,444,473,452,432,439,434,438,423,462,436,429,427,432,416,432,411,406,414,432,397,437,431,398,420,431,409,416,436,405,397,420,421,400,395,432,403,416,416,400,458,409,411,405,400,400,412,400,394,400,429,394,444,413,413,400,400,427,413,416,421,418,437,408,432,407,432,434,416,431,424,426,432,433,419,432,419,420,473,422,407,420,420,417,417,448,426,410,425,414,403,431,423,413,439,403,368,439,440,445,463,434,414
"2026-09-23 20:38:41.599",1000000,ON,"coriander",2384,371,432,427,425,432,430,459,426,425,428,411,441,459,448,427,426,413,417,419,431,438,417,472,421,418,426,404,432,420,419,407,415,416,407,415,418,418,406,407,432,410,441,411,423,452,469,475,523,542,590,681,767,944,1088,1169,1237,1218,1167,1248,1047,996,961,901,861,839,857,841,849,850,881,930,1018,976,1042,1079,1283,1172,1232,1259,1319,1443,1393,1456,1488,1526,1603,1603,1649,1648,1630,1616,1638,1705,1721,1758,1815,1843,1872,1874,1919,1926,1968,2041,2035,2101,2139,2197,2239,2275,2278,2320,2327,2329,2356,2330,2368,2376,2384,2384,2346,2341,2355,2262,2257,2217,2163,2099,2059,1990,1936,1911,1834,1805,1734,1677,1637,1571,1535,1516,1394,1390,1297,1262,1216,1149,1147,1067,1041,1008,1005,949,914,866,868,834,814,800,832,775,749,720,714,729,699,679,643,624,624,605,592,586,560,569,539,566,529,511,544,542,491,506,486,463,452,464,481,416,481,459,448,438,445,451,432,465,437,437,433,439,421,434,430,419,419,432,422,443,435,409,418,438,417,416,402,408,407,419,431,400,400,431,406,414,414,401,465,410,416,415,398,414,421,404,396,403,432,432,440,427,419,406,399,432,427,415,432,417,444,410,432,419,434,444,441,434,432,432,433,443,419,431,417,432,479,431,427,418,431,414,428,454,434,416,421,418,409,433,422,413,444,412,414,448,447,448,431,434,421
"2026-09-23 20:38:46.837",1000000,ON,"coriander",2606,366,426,418,427,431,431,457,428,418,433,414,443,459,447,432,419,411,427,423,427,434,425,450,419,414,422,409,418,430,423,412,417,407,407,422,417,421,402,410,424,406,439,436,432,462,480,481,543,556,610,710,816,1002,1168,1271,1344,1311,1248,1338,1129,1085,1034,962,921,893,912,893,902,897,929,1003,1091,1073,1111,1146,1362,1255,1322,1360,1415,1531,1478,1588,1601,1655,1698,1703,1765,1757,1771,1755,1760,1821,1870,1894,1943,1990,2027,2045,2084,2087,2143,2201,2201,2251,2311,2363,2422,2455,2480,2480,2526,2515,2544,2511,2559,2559,2606,2559,2559,2517,2534,2436,2437,2385,2304,2266,2217,2160,2101,2055,1971,1935,1847,1815,1748,1710,1642,1635,1502,1497,1405,1344,1294,1227,1225,1142,1104,1070,1054,997,993,917,912,881,852,844,870,816,786,752,748,763,737,695,672,642,651,625,623,601,576,583,555,580,544,543,554,554,502,526,491,477,467,464,468,465,496,479,454,450,450,452,443,468,449,445,442,445,431,447,426,422,418,439,424,442,434,419,431,437,419,431,394,410,403,432,432,401,402,437,406,418,416,405,462,416,416,415,407,416,425,415,400,413,432,435,459,426,410,413,411,434,416,415,429,421,442,413,432,419,433,438,427,438,437,430,432,445,418,420,428,432,481,431,432,425,427,421,429,452,432,411,423,420,413,432,432,413,447,414,417,450,442,446,448,437,424
"2026-09-23 20:38:52.039",934640,ON,"coriander",2674,368,432,426,425,432,427,457,417,416,423,415,435,461,446,430,429,413,421,417,432,437,419,454,418,411,425,411,425,422,417,405,417,414,418,421,423,419,402,407,432,405,444,434,429,465,485,484,543,566,619,736,846,1040,1227,1343,1408,1377,1313,1393,1173,1127,1086,1021,959,919,941,925,933,925,958,1018,1119,1077,1151,1185,1407,1305,1360,1402,1470,1599,1581,1637,1664,1713,1789,1785,1838,1838,1820,1814,1822,1883,1928,1963,2032,2058,2091,2099,2156,2158,2202,2256,2275,2307,2377,2417,2467,2517,2544,2547,2599,2586,2659,2591,2638,2618,2674,2656,2618,2604,2622,2513,2486,2449,2367,2337,2257,2215,2153,2096,2031,1990,1909,1850,1789,1742,1687,1667,1555,1518,1427,1383,1338,1264,1262,1156,1137,1092,1083,1008,982,931,931,895,865,860,881,837,805,760,750,768,737,707,685,656,653,615,619,609,585,594,554,577,539,544,560,553,506,511,496,465,464,464,464,465,494,467,456,450,449,457,434,471,448,445,434,447,432,434,427,427,415,435,425,443,432,406,417,438,416,419,396,411,407,417,432,400,397,432,401,417,410,400,462,406,414,414,402,414,419,401,401,400,400,437,450,422,421,404,405,429,429,416,422,415,447,416,430,411,432,439,424,435,431,432,432,441,419,432,431,432,480,432,431,425,425,432,421,458,427,420,464,417,412,429,427,390,434,412,413,448,442,453,437,445,419
"2026-09-23 20:38:57.829",867358,ON,"coriander",2608,368,415,420,418,415,412,448,415,406,413,402,427,448,429,425,414,400,409,405,415,419,410,443,406,403,411,400,409,410,410,393,409,402,397,410,400,400,400,396,423,400,431,425,430,449,464,474,530,554,610,720,830,1022,1200,1306,1415,1374,1271,1371,1164,1116,1054,982,945,909,912,896,912,912,934,1010,1090,1062,1127,1168,1359,1273,1310,1385,1459,1573,1522,1584,1633,1684,1739,1741,1792,1808,1782,1790,1776,1840,1872,1915,1986,2010,2060,2062,2091,2112,2159,2209,2213,2261,2334,2385,2416,2469,2493,2521,2547,2553,2559,2551,2594,2581,2608,2559,2559,2537,2545,2462,2454,2384,2314,2283,2207,2149,2105,2064,1977,1927,1861,1813,1758,1700,1638,1619,1519,1471,1405,1344,1299,1231,1213,1136,1098,1070,1059,995,965,907,901,858,848,835,868,804,770,736,741,737,710,687,666,632,640,601,599,587,570,576,543,563,533,528,537,533,493,504,487,465,453,439,454,448,473,457,447,435,439,448,432,453,433,429,431,430,419,430,400,403,405,431,407,429,427,400,423,422,401,409,393,400,393,421,414,397,395,426,400,400,409,390,447,393,403,407,390,400,410,393,391,399,422,423,453,405,409,397,398,415,411,400,416,402,432,400,422,411,418,427,411,431,394,427,423,435,413,416,416,427,464,427,421,415,420,410,411,448,421,401,407,406,400,421,432,404,425,401,403,432,429,435,432,427,412
"2026-09-23 20:39:03.154",788132,ON,"coriander",2667,371,406,408,406,415,403,446,419,399,410,404,417,435,427,414,403,386,401,401,402,409,400,433,400,389,380,393,402,404,400,399,403,399,387,403,400,400,390,398,417,389,427,431,416,448,462,475,545,560,624,730,871,1071,1253,1374,1450,1417,1335,1396,1191,1152,1094,1011,998,927,930,914,919,934,960,1019,1124,1095,1161,1207,1401,1315,1376,1410,1475,1607,1562,1657,1685,1733,1778,1801,1850,1839,1845,1839,1835,1899,1923,1984,2020,2067,2107,2112,2117,2170,2220,2263,2271,2320,2384,2452,2467,2521,2555,2579,2608,2595,2640,2607,2658,2639,2654,2667,2624,2614,2613,2533,2485,2446,2367,2337,2259,2183,2096,2096,2023,1962,1899,1841,1781,1723,1659,1629,1525,1488,1414,1362,1323,1242,1245,1152,1104,1072,1063,995,975,944,917,885,860,837,854,801,771,747,735,750,705,687,659,635,640,608,605,592,567,576,535,559,529,525,538,528,487,502,471,461,457,457,451,453,471,458,437,427,436,438,422,448,432,430,423,427,412,425,417,400,384,421,400,426,417,395,405,419,400,401,388,395,394,410,415,385,411,410,390,406,400,387,441,397,402,400,391,400,400,388,388,391,416,413,447,403,405,385,397,415,401,403,413,402,422,400,417,400,419,418,406,415,418,417,420,429,407,412,411,417,459,413,413,403,407,408,407,432,415,395,407,400,405,411,413,399,425,397,398,423,422,430,421,421,400
"2026-09-23 20:39:08.161",788132,ON,"coriander",2525,368,400,401,403,405,400,433,400,398,402,397,414,429,413,407,400,399,399,403,384,376,402,421,400,388,404,388,400,401,405,386,398,390,385,400,399,400,393,398,412,389,407,417,412,439,462,467,528,550,613,713,836,1019,1200,1328,1406,1353,1297,1347,1149,1089,1051,977,928,899,897,897,912,907,929,992,1075,1054,1123,1152,1347,1278,1328,1358,1414,1520,1516,1571,1621,1664,1701,1716,1764,1765,1773,1744,1753,1815,1840,1878,1934,1957,2001,2000,2043,2074,2113,2169,2175,2215,2285,2334,2369,2410,2433,2453,2480,2497,2501,2494,2513,2525,2519,2513,2510,2489,2490,2391,2383,2329,2234,2223,2160,2089,2032,1993,1921,1885,1810,1769,1703,1649,1584,1562,1466,1445,1360,1301,1267,1184,1185,1093,1073,1023,1016,951,935,887,869,851,826,817,832,786,753,706,719,722,688,671,640,619,605,592,592,576,553,558,528,547,511,510,526,522,479,490,469,457,444,439,440,445,464,446,432,426,427,432,421,447,425,423,426,418,409,421,403,399,394,423,401,416,411,394,400,411,398,400,382,389,391,405,405,387,385,413,385,417,399,385,436,390,397,388,381,393,402,388,383,384,413,414,430,403,395,389,394,407,433,400,402,400,425,391,409,400,411,416,404,418,407,411,414,420,400,414,407,411,426,402,400,399,406,400,402,422,400,393,404,395,391,406,404,391,418,397,394,420,414,432,422,416,400
"2026-09-23 20:39:13.922",740496,ON,"coriander",2661,369,407,405,399,400,405,432,400,400,415,398,411,432,421,414,417,392,400,397,402,414,400,425,400,390,401,395,401,400,400,394,401,391,394,395,399,400,384,396,411,394,429,393,417,447,469,475,528,560,639,739,865,1075,1264,1383,1458,1424,1357,1414,1203,1146,1103,1017,965,927,939,922,940,952,965,1035,1117,1087,1154,1205,1392,1318,1374,1420,1486,1590,1586,1648,1678,1731,1811,1782,1846,1825,1840,1813,1830,1882,1919,1967,2021,2053,2106,2117,2145,2170,2220,2273,2288,2311,2368,2445,2491,2507,2546,2559,2559,2607,2601,2586,2633,2624,2661,2641,2619,2579,2559,2493,2475,2429,2333,2307,2261,2176,2125,2073,2000,1951,1867,1825,1773,1698,1649,1615,1525,1485,1399,1358,1319,1232,1216,1136,1105,1058,1040,993,969,912,909,880,848,836,848,804,765,742,738,735,711,688,656,630,643,608,606,588,562,575,541,575,511,511,531,527,483,495,469,459,455,448,448,438,473,451,449,427,459,432,422,448,430,423,425,416,401,414,416,400,400,416,400,421,413,402,400,414,400,400,387,393,392,407,409,389,389,405,389,400,399,390,442,422,396,393,384,390,400,388,384,392,416,417,432,401,407,387,400,406,403,400,401,399,415,400,406,401,419,420,405,419,410,414,422,419,406,403,403,414,456,415,410,400,407,400,402,436,405,399,406,401,393,415,404,368,413,400,395,415,418,422,411,419,400
"2026-09-23 20:39:19.385",718750,ON,"coriander",2636,369,400,400,397,403,398,430,400,394,400,386,411,427,411,403,394,384,400,389,395,400,397,417,397,386,400,382,397,392,393,384,389,384,395,395,395,397,387,387,400,391,417,414,411,442,462,470,556,557,624,747,878,1081,1271,1392,1479,1435,1363,1408,1209,1157,1092,1021,974,922,942,918,929,931,951,1019,1111,1098,1162,1195,1392,1313,1357,1427,1484,1587,1584,1642,1678,1727,1793,1778,1865,1840,1840,1807,1827,1874,1904,1955,2017,2016,2097,2102,2147,2153,2186,2235,2281,2301,2370,2416,2465,2523,2534,2555,2587,2579,2599,2582,2626,2609,2636,2615,2579,2559,2527,2483,2461,2403,2342,2292,2219,2163,2108,2061,1970,1935,1853,1815,1763,1671,1632,1613,1510,1482,1397,1335,1303,1229,1215,1126,1087,1062,1037,976,925,907,895,861,847,832,834,798,774,729,726,727,704,678,655,625,631,598,592,581,560,557,535,545,511,519,526,511,473,494,470,449,454,444,445,435,466,447,432,419,431,423,413,448,419,419,414,415,401,411,400,398,398,414,395,418,410,384,400,407,391,396,373,388,383,400,401,378,382,403,384,391,396,384,432,384,389,397,380,387,396,384,382,388,413,403,427,400,396,388,388,403,399,394,399,397,418,393,412,395,401,410,402,415,403,405,416,415,400,405,400,410,450,403,402,400,384,400,405,403,407,393,400,400,389,407,405,393,408,384,390,414,409,414,405,411,397
"2026-09-23 20:39:24.585",675554,ON,"coriander",2601,369,391,393,381,399,391,421,387,395,396,384,400,422,402,400,387,384,387,381,390,400,389,412,389,383,391,382,391,388,385,372,410,381,386,391,387,391,381,381,400,381,411,403,403,432,450,461,522,550,622,737,858,1079,1249,1381,1454,1444,1348,1391,1203,1149,1086,1008,949,912,943,906,923,929,955,1011,1104,1088,1143,1193,1364,1300,1349,1401,1477,1579,1563,1621,1659,1702,1767,1762,1821,1808,1807,1791,1825,1859,1893,1936,1987,2015,2075,2078,2106,2117,2170,2219,2235,2281,2339,2395,2431,2489,2480,2512,2550,2525,2559,2546,2578,2582,2601,2559,2556,2522,2526,2454,2414,2393,2319,2261,2211,2128,2087,2034,1958,1914,1835,1791,1728,1665,1616,1579,1481,1453,1377,1328,1279,1200,1185,1109,1079,1040,1010,970,939,889,875,854,819,811,825,777,752,719,717,717,693,656,640,621,618,594,591,574,557,551,527,544,501,500,508,508,475,482,465,449,448,434,444,441,453,435,421,421,422,425,416,436,412,412,407,402,400,405,398,389,394,405,386,406,403,386,397,401,386,391,367,383,378,390,398,379,384,399,383,388,381,377,421,381,385,385,374,384,394,378,375,378,400,400,413,391,389,380,385,400,394,393,391,391,404,386,401,390,400,401,398,403,400,402,400,407,391,401,400,401,435,400,400,389,394,398,390,442,399,384,394,390,383,400,398,385,400,382,379,408,402,403,401,400,391
"2026-09-23 20:39:29.636",675554,ON,"coriander",2559,368,400,393,391,399,387,422,393,389,395,389,405,421,403,393,394,378,389,391,394,400,397,411,390,381,397,384,384,389,384,374,397,385,380,383,399,394,379,389,400,383,432,415,403,429,451,464,527,547,621,720,837,1063,1239,1387,1456,1393,1346,1379,1197,1127,1081,1022,963,912,922,897,929,912,955,1011,1088,1072,1137,1190,1358,1282,1363,1398,1456,1535,1557,1622,1651,1697,1746,1760,1814,1809,1818,1776,1808,1838,1874,1922,1965,2000,2043,2065,2108,2110,2151,2191,2221,2240,2329,2357,2413,2465,2482,2492,2512,2519,2544,2515,2549,2523,2559,2511,2538,2512,2503,2416,2418,2363,2269,2235,2174,2111,2047,2022,1936,1886,1831,1771,1713,1648,1605,1574,1481,1437,1360,1310,1271,1195,1185,1095,1070,1040,1010,945,925,880,864,848,814,805,816,771,737,708,708,720,686,658,628,614,618,592,583,569,546,558,528,550,510,496,511,509,466,483,461,450,445,439,439,441,454,438,427,413,419,422,409,432,413,411,411,402,399,406,392,391,393,410,395,407,403,385,391,400,389,389,369,382,379,393,400,373,378,399,379,391,390,377,427,386,388,379,371,384,390,384,381,382,401,400,416,396,388,378,390,398,395,388,391,390,410,388,400,392,402,406,399,406,407,401,409,411,394,400,400,400,443,399,405,396,397,391,397,411,400,385,400,391,382,400,398,388,406,379,383,410,386,416,401,402,395
"2026-09-23 20:39:34.662",631190,ON,"coriander",2662,368,395,388,389,406,386,422,390,387,397,379,407,419,405,399,385,380,392,387,395,399,388,411,389,384,399,380,390,390,389,381,385,385,383,393,390,397,383,381,395,377,409,407,407,432,453,467,526,560,633,722,892,1099,1307,1439,1526,1479,1399,1419,1233,1179,1122,1041,988,944,957,927,943,943,979,1040,1132,1104,1180,1217,1392,1339,1406,1457,1494,1616,1609,1673,1702,1763,1820,1835,1863,1857,1863,1840,1857,1936,1943,1991,2054,2081,2110,2117,2173,2165,2206,2275,2295,2323,2402,2449,2507,2549,2559,2559,2607,2607,2630,2599,2643,2631,2662,2645,2631,2608,2600,2502,2481,2445,2346,2291,2240,2173,2120,2064,1998,1947,1869,1834,1761,1693,1639,1607,1507,1489,1411,1342,1295,1222,1215,1128,1092,1052,1041,987,947,899,901,874,832,823,824,784,760,730,721,725,689,666,655,617,619,597,580,575,555,560,528,545,509,506,509,498,471,471,464,448,442,438,446,439,457,438,431,412,419,416,410,434,413,417,409,403,421,400,400,388,392,403,411,410,400,384,394,399,371,393,368,383,383,397,395,372,378,397,383,384,384,376,427,381,383,386,370,384,391,382,378,385,400,399,423,390,389,371,384,399,391,389,400,394,405,384,400,391,402,405,398,405,402,400,411,411,396,403,395,400,438,395,400,391,399,395,400,416,401,385,397,389,384,398,397,389,400,379,384,405,408,406,405,401,394
"2026-09-23 20:39:40.070",631190,ON,"coriander",2559,368,394,389,390,389,384,416,386,382,391,383,405,417,401,391,387,375,382,383,384,388,382,407,384,374,393,370,384,381,384,381,371,379,379,386,386,386,379,382,395,375,410,404,402,432,459,463,527,547,622,739,899,1072,1278,1399,1473,1434,1365,1385,1201,1142,1100,1014,950,924,930,912,924,913,955,1000,1104,1079,1154,1182,1357,1299,1360,1398,1461,1573,1535,1616,1652,1713,1762,1772,1824,1811,1802,1799,1792,1854,1887,1925,1982,2011,2064,2064,2095,2117,2151,2215,2224,2257,2329,2374,2417,2471,2485,2498,2530,2502,2553,2512,2555,2544,2559,2555,2547,2512,2528,2436,2399,2369,2299,2239,2174,2112,2069,2011,1933,1863,1827,1765,1717,1655,1599,1567,1470,1443,1367,1300,1257,1187,1163,1099,1066,1056,1007,960,925,882,875,841,816,801,823,771,737,715,704,720,689,659,635,609,610,586,576,562,548,551,508,531,502,498,511,505,471,477,464,448,439,433,432,432,451,441,417,400,410,419,403,428,407,411,405,402,392,401,397,386,389,400,391,401,399,394,400,400,388,386,368,381,380,385,399,374,368,390,374,389,379,368,421,377,384,385,373,384,384,373,377,378,393,400,411,393,386,373,383,397,385,390,391,387,405,377,391,387,401,400,385,400,400,400,400,410,390,400,391,401,438,400,397,390,388,395,387,410,399,384,391,386,372,388,387,374,399,371,383,401,391,401,397,408,392
"2026-09-23 20:39:45.479",631190,ON,"coriander",2525,369,394,350,385,389,391,416,386,385,399,381,400,420,398,386,384,379,389,384,391,400,390,402,385,384,394,378,382,387,384,381,386,384,379,387,379,391,375,384,397,383,413,405,401,433,456,464,511,550,615,731,854,1069,1237,1373,1467,1411,1351,1365,1187,1131,1081,1005,943,912,918,906,902,913,946,1007,1088,1070,1141,1170,1362,1280,1331,1377,1442,1535,1535,1595,1622,1683,1737,1751,1778,1787,1774,1766,1780,1827,1856,1903,1940,1978,2032,2031,2066,2102,2119,2169,2183,2225,2274,2350,2395,2425,2449,2448,2496,2478,2505,2482,2525,2502,2522,2521,2510,2477,2474,2388,2368,2323,2246,2194,2136,2074,2019,1975,1901,1855,1806,1757,1688,1616,1571,1523,1452,1407,1328,1289,1239,1163,1161,1073,1051,1008,999,951,909,871,863,832,803,795,799,762,737,702,702,698,682,652,630,610,609,581,579,560,538,551,522,533,500,498,504,503,463,474,453,447,439,432,432,432,449,435,421,418,411,421,407,432,417,405,401,400,400,412,400,387,386,402,384,400,396,379,394,400,384,387,367,384,371,386,397,371,374,400,374,389,387,369,418,380,384,380,371,380,385,375,375,389,401,400,417,395,384,378,380,386,389,386,395,390,401,389,398,386,399,401,392,401,401,399,405,405,382,399,390,398,432,400,398,393,390,389,396,411,395,384,396,384,380,400,394,387,400,376,385,402,403,403,400,400,384
"2026-09-23 20:39:50.887",631190,ON,"coriander",2612,368,394,387,393,400,389,422,385,391,400,384,400,417,405,399,388,384,387,386,391,400,391,407,394,383,395,385,391,391,387,374,378,382,380,390,393,390,376,384,400,384,413,407,405,432,460,491,528,550,632,750,891,1094,1307,1421,1520,1497,1403,1424,1193,1174,1120,1042,977,942,943,921,929,934,977,1023,1115,1103,1171,1225,1378,1323,1374,1424,1488,1594,1581,1660,1691,1746,1793,1815,1850,1843,1830,1829,1823,1867,1917,1957,2012,2055,2094,2112,2129,2159,2185,2237,2262,2299,2367,2399,2434,2499,2512,2557,2559,2559,2582,2545,2602,2594,2612,2594,2586,2544,2544,2457,2444,2393,2321,2271,2195,2153,2091,2062,1956,1903,1842,1792,1734,1680,1606,1616,1483,1455,1379,1318,1280,1197,1200,1106,1074,1045,1019,971,942,897,885,815,833,816,832,784,753,721,716,717,687,670,655,624,613,592,583,572,559,554,524,546,502,508,507,508,464,487,459,444,438,435,434,432,457,439,427,425,422,425,407,432,417,412,412,407,400,409,400,394,391,405,391,405,400,384,396,400,384,391,370,379,375,391,399,377,377,399,377,384,386,377,420,384,388,384,372,386,395,372,380,379,403,403,411,391,387,381,385,399,393,388,397,390,417,384,403,390,391,403,397,405,400,401,370,407,397,402,396,400,438,391,399,390,400,396,394,416,400,384,397,390,381,400,399,388,400,384,383,410,405,415,407,405,397
"2026-09-23 20:39:56.156",590894,ON,"coriander",2595,366,394,386,384,387,384,415,384,379,394,379,396,414,398,387,380,369,379,379,387,386,387,400,384,371,384,373,388,384,381,369,379,374,370,382,382,381,373,382,392,381,402,405,400,432,450,463,521,554,630,751,882,1100,1300,1427,1504,1473,1397,1409,1227,1167,1107,1037,967,920,933,919,934,939,970,1014,1121,1091,1161,1196,1360,1313,1370,1414,1474,1584,1579,1645,1677,1731,1781,1797,1828,1826,1819,1792,1813,1858,1907,1941,1985,2011,2081,2080,2119,2128,2159,2213,2240,2267,2339,2398,2448,2464,2508,2516,2553,2512,2544,2541,2587,2559,2595,2549,2547,2535,2515,2430,2403,2353,2287,2235,2187,2125,2057,2000,1948,1893,1823,1773,1712,1666,1593,1559,1469,1445,1357,1296,1246,1190,1168,1101,1061,1022,999,939,923,881,869,836,807,803,807,764,735,719,702,707,668,659,637,609,599,586,570,544,541,534,522,530,496,496,505,491,461,469,455,445,437,432,429,434,447,439,418,411,417,419,400,424,407,398,416,402,395,397,399,385,384,399,380,396,398,398,393,400,383,389,373,379,380,385,398,374,374,391,382,384,385,374,414,377,381,385,375,384,387,375,371,382,395,398,416,390,384,369,380,397,384,384,400,387,400,384,400,390,396,400,390,401,395,395,403,401,390,399,391,400,431,397,397,390,390,391,392,417,391,379,387,373,378,386,392,378,392,373,372,400,390,403,398,394,383
"2026-09-23 20:40:01.729",555285,ON,"coriander",2635,368,385,383,380,384,382,405,384,373,387,374,385,400,393,383,378,369,380,382,383,385,379,389,374,374,387,368,381,383,382,372,377,378,345,378,377,383,370,369,389,375,408,401,400,426,451,474,547,561,635,755,864,1140,1337,1481,1584,1521,1430,1458,1273,1206,1136,1053,1002,963,960,935,944,960,987,1041,1133,1126,1186,1232,1404,1327,1392,1459,1517,1630,1612,1669,1722,1777,1829,1829,1842,1860,1866,1857,1863,1910,1926,1978,2046,2083,2113,2117,2147,2175,2238,2268,2301,2321,2385,2437,2490,2526,2545,2559,2589,2591,2619,2605,2617,2610,2635,2625,2589,2583,2557,2477,2458,2399,2339,2295,2215,2157,2109,2063,1963,1936,1856,1803,1745,1674,1616,1584,1494,1462,1378,1337,1274,1201,1187,1113,1084,1039,1015,973,942,887,879,850,825,816,820,773,752,713,711,718,689,647,628,621,614,581,580,563,545,549,524,529,493,492,494,496,460,464,451,436,434,427,432,423,437,432,417,411,407,412,410,423,408,400,400,403,391,402,393,386,384,393,384,400,395,377,389,398,384,384,368,373,368,381,387,371,368,390,371,383,377,366,405,370,375,380,370,374,386,369,368,369,389,387,403,384,383,367,379,387,381,381,385,371,400,383,414,384,397,403,386,394,395,394,395,400,353,389,381,391,429,389,394,388,384,385,400,403,393,380,380,384,372,386,383,381,391,369,379,395,399,398,391,395,380
"2026-09-23 20:40:06.929",522960,ON,"coriander",2624,368,382,374,373,378,375,397,374,373,384,373,387,408,389,378,381,368,379,373,381,384,371,395,379,369,377,368,377,374,372,366,375,369,374,374,379,380,366,370,385,370,399,391,400,425,442,455,511,552,637,757,897,1131,1327,1467,1569,1518,1434,1441,1258,1198,1147,1054,986,946,934,934,944,953,979,1040,1119,1114,1192,1229,1375,1344,1404,1442,1503,1600,1603,1662,1710,1746,1806,1822,1849,1858,1851,1854,1843,1898,1936,1966,2015,2070,2102,2122,2144,2176,2189,2240,2271,2304,2370,2433,2450,2519,2535,2553,2559,2555,2591,2554,2608,2598,2624,2598,2559,2559,2546,2463,2438,2399,2327,2264,2201,2149,2087,2032,1950,1923,1839,1796,1738,1678,1607,1584,1483,1454,1359,1309,1269,1200,1176,1093,1070,1037,994,950,923,890,877,846,813,803,812,775,741,710,702,697,682,649,624,605,605,577,574,560,542,547,510,528,496,487,499,483,462,465,449,435,429,432,425,427,439,432,403,410,406,400,397,418,404,400,400,401,389,395,390,379,383,395,386,395,393,371,384,389,369,385,359,367,368,378,399,363,368,385,371,378,370,365,400,368,371,379,368,371,381,368,365,372,393,393,403,384,378,366,373,384,381,375,382,378,395,374,388,374,389,391,379,398,389,389,387,397,385,385,383,389,418,384,384,379,386,377,381,400,388,368,384,374,371,384,384,373,393,368,375,390,388,395,384,387,385
"2026-09-23 20:40:11.992",506587,ON,"coriander",2619,368,377,375,375,370,371,400,375,371,379,368,382,396,387,378,375,366,371,374,375,380,368,415,370,358,377,365,374,378,369,368,368,367,367,374,372,381,365,369,384,372,400,400,394,425,447,466,529,553,639,758,906,1134,1346,1481,1568,1520,1446,1443,1275,1202,1151,1067,987,951,945,935,950,944,988,1065,1123,1111,1185,1239,1380,1349,1407,1443,1513,1600,1615,1654,1714,1763,1823,1831,1865,1858,1871,1841,1843,1888,1941,1970,2029,2078,2112,2097,2141,2170,2205,2244,2275,2298,2380,2434,2477,2510,2543,2559,2581,2558,2594,2592,2590,2599,2619,2599,2581,2543,2543,2448,2437,2403,2318,2271,2204,2147,2085,2032,1965,1907,1848,1787,1741,1665,1607,1583,1496,1451,1371,1313,1264,1196,1169,1094,1072,1023,1001,957,921,886,859,836,812,803,811,774,736,714,704,696,661,642,627,600,604,583,561,554,535,533,507,522,493,487,475,494,457,463,446,432,429,448,427,425,433,428,405,400,402,402,397,409,400,401,391,393,384,387,385,375,375,390,378,370,386,369,385,388,377,384,362,369,368,373,381,363,366,374,368,378,369,367,401,368,369,374,368,368,378,366,366,373,385,387,404,381,368,366,373,383,380,373,379,370,395,373,388,377,383,389,383,390,384,389,395,391,383,384,384,389,418,384,384,375,384,379,377,405,380,369,382,373,369,386,384,371,388,364,368,390,383,393,386,384,375
"2026-09-23 20:40:17.508",506587,ON,"coriander",2641,370,383,382,377,383,373,400,374,368,385,370,400,403,391,355,374,368,380,379,377,385,373,395,384,366,377,377,379,380,370,368,371,368,368,384,375,379,368,371,384,376,400,398,394,419,448,464,526,562,651,771,928,1151,1374,1530,1587,1561,1458,1471,1262,1220,1167,1077,1009,958,923,949,959,970,989,1057,1137,1173,1199,1238,1405,1357,1430,1463,1519,1635,1633,1690,1733,1789,1840,1861,1886,1873,1883,1858,1872,1942,1962,2001,2073,2102,2130,2135,2160,2192,2225,2267,2299,2336,2388,2461,2482,2531,2550,2587,2597,2618,2623,2615,2627,2624,2641,2613,2608,2587,2589,2485,2449,2403,2335,2288,2231,2160,2112,2062,1959,1920,1855,1807,1738,1680,1623,1590,1496,1460,1381,1323,1280,1201,1180,1107,1073,1040,1009,961,928,886,877,857,818,800,819,763,746,710,704,705,675,653,634,606,598,572,577,522,540,542,507,523,495,494,496,491,464,469,449,441,432,432,432,423,440,430,418,415,410,403,403,419,403,400,401,399,385,396,394,378,384,387,384,395,385,379,388,393,375,383,364,371,368,368,385,365,366,382,366,379,373,363,406,368,374,369,366,370,371,368,365,368,384,382,401,384,377,359,379,387,381,373,384,383,399,374,391,373,394,392,384,389,391,398,397,399,382,386,384,390,422,383,387,379,384,384,377,400,385,375,376,378,373,384,374,371,393,369,368,394,390,397,387,391,381
"2026-09-23 20:40:22.692",460404,ON,"coriander",2579,370,374,371,371,372,370,387,370,368,378,369,399,394,384,379,368,362,369,371,369,374,366,390,368,366,373,368,368,368,401,363,370,368,368,371,368,371,364,368,385,368,396,399,394,422,439,462,511,555,629,752,902,1135,1335,1473,1566,1520,1423,1424,1264,1201,1134,1057,978,944,934,930,943,943,983,1042,1105,1104,1168,1228,1357,1328,1390,1434,1482,1585,1584,1669,1689,1745,1780,1813,1845,1847,1825,1801,1818,1885,1901,1939,2006,2021,2064,2090,2121,2129,2167,2224,2240,2261,2350,2383,2429,2482,2503,2512,2523,2518,2539,2525,2555,2555,2579,2559,2532,2502,2507,2427,2405,2352,2278,2247,2167,2112,2064,1984,1917,1873,1802,1741,1703,1621,1567,1535,1456,1413,1338,1280,1230,1167,1147,1082,1042,1005,976,932,908,862,859,829,787,802,793,747,721,688,687,677,683,640,616,590,589,570,564,549,528,486,496,510,481,474,487,482,443,448,447,426,421,422,418,416,432,420,402,405,400,403,395,400,392,392,389,390,384,393,381,371,370,387,378,384,382,371,371,384,370,373,354,369,368,369,381,362,362,373,360,374,368,365,398,368,370,366,363,368,368,365,363,366,382,378,394,369,371,357,373,383,373,373,375,374,408,368,386,375,384,387,377,385,383,376,368,394,373,382,379,386,412,376,379,379,384,374,377,398,384,370,373,371,365,376,379,368,378,362,368,384,377,384,379,377,371
"2026-09-23 20:40:27.717",445425,ON,"coriander",2505,368,375,368,368,376,368,385,368,367,369,358,378,398,378,369,367,361,366,371,369,378,368,384,374,360,370,365,369,371,368,364,368,361,365,368,368,368,366,366,384,363,387,391,388,413,435,455,507,549,625,752,893,1106,1316,1456,1534,1490,1403,1409,1232,1175,1115,1039,965,929,930,917,930,925,957,1023,1103,1079,1153,1198,1330,1309,1358,1406,1466,1553,1574,1617,1653,1723,1759,1774,1797,1792,1783,1783,1777,1837,1866,1907,1955,1978,2022,2032,2073,2081,2111,2160,2192,2219,2288,2336,2358,2398,2444,2459,2479,2471,2490,2477,2480,2490,2505,2490,2479,2450,2434,2383,2350,2302,2220,2178,2125,2063,2000,1952,1871,1843,1760,1712,1648,1587,1535,1500,1421,1383,1302,1257,1209,1135,1134,1070,1022,988,961,912,885,839,837,803,784,779,782,743,708,676,676,685,653,625,601,589,592,557,557,541,523,528,493,511,484,474,489,470,447,446,440,430,421,422,416,415,428,417,400,398,401,400,397,401,390,390,392,389,383,387,377,371,378,387,370,388,381,365,374,386,368,377,353,363,368,368,373,363,366,379,361,371,368,363,389,363,370,368,358,365,379,365,364,365,378,383,390,370,375,352,367,378,368,368,370,372,389,368,384,370,383,383,373,382,377,381,384,384,375,378,372,379,407,382,383,371,379,368,370,394,379,368,373,368,363,377,377,366,378,367,366,381,375,384,361,371,369
"2026-09-23 20:40:33.005",416622,ON,"coriander",2608,368,362,368,362,369,364,383,368,355,370,364,365,387,373,368,381,354,361,368,366,370,365,381,367,361,368,319,359,369,364,354,365,359,362,366,362,362,357,366,379,365,405,392,393,417,442,459,527,556,642,766,913,1162,1378,1508,1606,1535,1456,1454,1287,1226,1142,1074,998,959,949,938,950,958,997,1052,1126,1120,1197,1235,1362,1366,1403,1451,1502,1603,1617,1680,1718,1765,1823,1840,1885,1862,1870,1855,1855,1905,1925,1991,2037,2065,2094,2112,2145,2167,2199,2256,2288,2301,2379,2416,2469,2501,2527,2559,2583,2553,2594,2591,2608,2596,2605,2551,2579,2554,2544,2475,2411,2369,2308,2253,2192,2134,2085,2025,1949,1899,1825,1776,1726,1652,1590,1533,1474,1424,1339,1294,1245,1166,1157,1056,1051,1012,977,944,912,869,848,832,801,787,793,752,719,699,688,683,656,646,618,593,591,565,560,538,528,528,498,511,489,482,475,476,447,450,439,419,422,417,418,410,426,418,393,400,400,399,392,404,395,385,395,385,375,384,368,368,371,347,368,386,377,368,375,382,368,375,362,365,362,368,375,356,363,375,362,368,365,351,393,358,366,364,356,365,371,351,363,363,377,373,390,368,367,354,359,373,368,369,371,368,383,367,377,368,379,384,375,377,383,375,388,383,374,371,370,394,402,379,374,376,373,369,368,398,374,363,371,368,362,374,371,365,377,359,368,374,373,369,374,375,368
"2026-09-23 20:40:38.446",404314,ON,"coriander",2604,370,368,367,366,369,363,384,366,361,367,359,369,393,374,367,365,354,359,359,366,356,364,381,368,358,367,351,359,368,366,354,366,363,357,363,368,375,360,365,373,364,389,400,393,417,443,462,522,560,652,778,923,1168,1382,1530,1613,1581,1474,1459,1295,1232,1154,1089,1004,969,950,941,957,962,989,1051,1121,1122,1178,1232,1373,1355,1392,1443,1515,1614,1613,1680,1723,1756,1825,1831,1861,1872,1843,1840,1845,1906,1930,1973,2032,2064,2082,2108,2129,2176,2192,2251,2258,2305,2366,2411,2416,2498,2516,2519,2557,2545,2582,2551,2559,2604,2588,2559,2546,2528,2511,2433,2404,2355,2287,2247,2178,2112,2053,2000,1927,1874,1797,1759,1722,1623,1587,1535,1451,1424,1339,1287,1222,1168,1136,1072,1038,992,970,934,896,850,848,822,793,780,777,749,720,697,681,673,654,624,611,592,586,557,559,542,526,527,491,510,476,470,432,464,447,446,432,418,419,415,412,408,418,413,403,395,391,391,384,400,392,388,384,383,378,384,380,377,368,380,368,382,378,363,368,375,365,368,353,363,334,351,374,355,358,373,354,368,363,352,384,355,361,365,361,368,369,355,356,362,376,374,384,368,364,354,360,373,368,368,344,368,391,365,379,370,377,379,367,381,378,371,375,384,373,369,371,374,400,372,368,363,368,365,371,385,370,361,368,368,361,368,369,368,374,352,362,375,369,383,370,374,368
"2026-09-23 20:40:43.460",363917,ON,"coriander",2619,368,361,359,350,364,356,377,363,351,366,358,368,381,366,363,354,347,359,354,359,368,353,368,352,352,356,354,352,357,360,352,357,320,353,357,355,365,351,357,368,355,384,379,384,410,434,454,511,560,646,779,938,1186,1397,1570,1643,1588,1490,1469,1306,1241,1179,1086,1005,961,962,944,963,962,981,1053,1131,1136,1200,1253,1383,1360,1408,1473,1522,1616,1618,1680,1741,1782,1842,1845,1872,1876,1872,1877,1863,1904,1930,1993,2012,2081,2110,2112,2159,2178,2199,2250,2268,2320,2386,2413,2469,2508,2517,2559,2559,2559,2587,2581,2595,2597,2619,2594,2559,2556,2529,2473,2434,2368,2289,2251,2179,2117,2079,2018,1941,1886,1811,1769,1694,1649,1586,1535,1460,1414,1347,1296,1226,1173,1155,1074,1046,1004,971,936,911,861,859,822,795,782,782,752,707,685,675,678,650,629,603,589,583,560,555,541,523,526,487,501,479,472,476,466,444,442,431,418,413,406,407,405,416,403,391,387,386,384,384,400,384,384,378,372,375,369,370,368,368,375,362,375,369,357,365,371,371,366,350,358,358,361,366,354,352,367,349,358,359,347,382,353,355,363,350,362,368,346,352,358,368,371,377,368,361,345,359,365,362,359,363,359,374,358,390,362,371,371,365,368,373,367,373,375,367,363,366,368,397,369,368,368,368,368,357,374,369,356,363,359,351,368,362,354,374,354,366,369,351,374,366,368,365
"2026-09-23 20:40:48.761",363917,ON,"coriander",2628,368,360,359,358,358,355,375,361,354,363,354,368,371,365,359,363,345,355,357,358,361,355,367,361,345,364,349,361,359,366,348,355,352,351,355,357,366,346,359,373,357,402,380,387,405,435,458,511,560,648,773,944,1185,1418,1558,1650,1608,1494,1486,1316,1252,1168,1093,1008,966,961,957,959,965,1005,1063,1131,1142,1199,1258,1387,1361,1430,1469,1535,1627,1634,1693,1741,1778,1841,1847,1891,1874,1885,1879,1883,1919,1949,1990,2055,2096,2119,2131,2160,2192,2206,2261,2307,2299,2385,2448,2479,2544,2551,2548,2598,2559,2601,2598,2610,2603,2628,2608,2559,2557,2544,2453,2425,2381,2315,2257,2183,2138,2075,2018,1936,1884,1809,1753,1711,1642,1590,1535,1463,1422,1341,1300,1225,1169,1145,1072,1047,1008,978,935,911,853,850,819,805,781,783,742,720,686,682,679,647,624,605,580,586,561,547,533,528,509,495,496,475,464,473,461,438,443,432,423,419,413,414,403,416,403,398,391,364,384,386,399,387,377,383,377,368,372,371,368,365,368,363,369,370,356,369,367,354,358,350,354,351,362,366,351,350,359,351,352,355,342,383,352,355,359,347,341,357,361,352,354,368,368,378,362,367,347,361,366,359,365,350,366,370,361,373,363,368,370,364,378,367,370,374,379,367,368,367,370,398,368,368,367,365,366,360,379,368,357,367,363,352,367,361,351,371,350,357,388,367,369,369,366,359
"2026-09-23 20:40:53.995",353037,ON,"coriander",2530,366,357,354,353,357,351,372,353,353,362,351,359,375,366,359,354,342,354,358,350,363,357,370,356,350,354,348,354,358,352,351,356,357,347,351,355,355,347,359,367,354,379,386,384,407,431,453,511,551,640,759,934,1159,1370,1520,1627,1573,1481,1451,1281,1214,1150,1072,991,948,945,934,940,944,966,1037,1111,1104,1168,1218,1362,1331,1399,1438,1502,1580,1600,1664,1701,1742,1802,1815,1839,1825,1831,1807,1837,1868,1895,1933,1997,2030,2061,2071,2109,2142,2160,2202,2219,2256,2321,2376,2411,2435,2480,2512,2526,2498,2526,2522,2526,2522,2530,2523,2512,2491,2475,2389,2357,2323,2255,2189,2147,2077,2006,1968,1872,1855,1766,1722,1659,1609,1560,1493,1416,1380,1325,1272,1203,1152,1127,1046,1013,986,958,912,880,838,822,809,773,771,756,727,691,673,667,661,640,613,594,575,570,550,549,528,511,509,478,493,464,464,470,461,434,447,430,414,396,404,407,400,417,400,393,384,386,385,380,394,383,382,377,373,365,369,370,367,365,378,358,399,368,357,365,367,357,321,352,363,349,357,368,345,347,368,353,359,357,338,379,354,356,355,322,356,366,351,353,350,368,371,379,362,356,350,351,368,358,358,361,357,373,355,369,361,368,368,363,368,368,365,374,379,364,368,367,369,394,368,363,365,364,374,364,381,364,317,364,358,350,366,366,352,364,349,355,367,357,370,368,368,361
"2026-09-23 20:40:59.063",342607,ON,"coriander",2452,367,364,354,355,357,347,412,353,337,364,358,361,375,361,357,353,341,356,355,350,361,361,369,354,349,356,350,349,358,350,341,354,352,352,355,353,353,349,357,360,349,382,378,402,411,429,446,499,544,630,751,895,1131,1330,1479,1556,1504,1434,1394,1234,1181,1104,1023,975,921,903,899,919,925,954,998,1072,1081,1142,1187,1311,1295,1349,1398,1438,1530,1535,1597,1639,1677,1731,1761,1769,1776,1776,1759,1767,1808,1835,1878,1932,1958,2002,2010,2040,2063,2085,2137,2160,2196,2254,2308,2337,2368,2399,2418,2432,2445,2445,2444,2436,2443,2452,2446,2416,2394,2409,2333,2298,2233,2172,2140,2082,2002,1950,1906,1831,1780,1712,1670,1623,1535,1490,1453,1374,1350,1274,1229,1182,1110,1091,1021,990,951,942,897,871,832,816,785,754,748,743,715,688,667,652,650,625,599,588,578,566,543,542,528,503,503,475,495,465,458,465,449,435,438,429,416,409,400,404,402,417,401,392,386,386,384,386,397,384,382,378,373,374,371,369,366,358,371,358,368,363,352,364,365,352,358,341,350,352,357,362,347,342,368,346,352,353,346,377,345,361,362,349,352,366,351,345,353,366,368,369,364,363,350,355,358,362,363,362,356,373,357,371,360,367,382,362,368,370,368,368,372,352,402,366,373,390,368,365,384,363,367,366,382,365,359,365,353,353,368,362,355,366,347,357,369,362,368,367,366,355
"2026-09-23 20:41:04.090",342607,ON,"coriander",2608,368,363,352,357,358,354,373,357,347,363,348,365,370,365,362,354,346,355,358,355,364,353,371,363,345,363,349,359,357,359,351,356,350,352,359,358,357,355,353,371,355,384,384,385,406,432,481,511,553,647,776,935,1184,1357,1554,1625,1586,1486,1456,1306,1233,1162,1087,1008,944,954,939,954,970,993,1040,1120,1121,1197,1239,1369,1357,1399,1456,1520,1605,1632,1678,1733,1776,1819,1827,1863,1871,1863,1844,1855,1907,1936,1976,2032,2047,2091,2107,2129,2163,2181,2241,2256,2297,2366,2414,2439,2495,2533,2544,2555,2533,2559,2537,2559,2555,2608,2555,2535,2521,2514,2442,2399,2366,2287,2224,2171,2116,2033,1977,1920,1878,1795,1749,1683,1633,1575,1519,1456,1407,1326,1290,1229,1159,1151,1077,1035,996,969,922,891,852,836,791,782,774,768,743,705,688,667,673,646,624,605,588,586,555,546,535,511,511,486,494,464,466,469,464,439,445,433,420,407,407,406,401,410,405,389,384,386,385,382,394,384,379,373,375,367,350,370,366,368,375,363,368,368,331,367,368,355,365,343,354,353,363,367,349,349,362,350,355,355,350,382,356,354,356,347,354,361,353,354,352,365,368,384,360,362,348,362,364,387,363,364,359,375,360,369,363,367,374,367,369,369,365,372,373,368,369,365,373,390,367,371,367,365,363,367,378,364,354,367,362,353,365,365,349,363,357,353,366,359,375,368,368,358
"2026-09-23 20:41:09.410",332425,ON,"coriander",2519,370,354,362,360,362,355,374,355,356,363,353,359,381,367,358,355,343,353,351,358,358,354,367,358,345,359,351,357,358,353,350,355,349,357,356,354,363,352,356,368,358,381,379,378,404,434,456,506,550,634,757,929,1149,1373,1511,1603,1562,1461,1435,1258,1207,1149,1071,993,934,938,915,941,942,989,1014,1112,1112,1174,1210,1328,1326,1380,1411,1462,1568,1586,1627,1677,1717,1776,1793,1822,1806,1802,1782,1798,1858,1882,1920,1959,1984,2027,2059,2091,2100,2118,2178,2208,2229,2290,2368,2379,2426,2467,2477,2481,2454,2503,2480,2502,2500,2519,2492,2474,2448,2451,2384,2352,2313,2229,2176,2112,2047,1991,1947,1870,1815,1760,1696,1647,1583,1535,1488,1408,1378,1315,1241,1209,1141,1110,1036,1001,967,949,910,879,834,816,798,781,764,752,727,699,671,656,661,641,622,592,579,573,547,539,531,507,509,479,506,465,455,464,458,432,437,426,414,412,412,403,403,417,397,395,384,387,388,384,391,382,377,379,373,368,370,367,356,367,368,358,368,367,357,357,363,357,362,342,352,355,357,363,339,320,364,343,355,353,349,378,350,354,351,351,354,367,352,350,351,367,371,372,358,359,350,357,360,366,366,361,359,368,362,371,362,368,370,364,368,367,368,378,368,368,370,361,368,397,368,368,361,364,360,364,379,368,337,367,359,351,366,366,352,365,351,355,366,368,368,384,363,351
"2026-09-23 20:41:14.681",332425,ON,"coriander",2406,367,355,356,356,354,354,374,354,353,355,350,367,384,365,356,354,343,350,357,355,364,353,368,352,343,354,347,343,355,354,352,354,351,352,349,355,357,348,347,365,349,383,370,378,404,423,445,498,538,613,729,898,1111,1309,1447,1520,1490,1392,1369,1222,1159,1094,1009,960,912,902,887,899,906,933,978,1067,1054,1121,1173,1281,1262,1301,1355,1411,1506,1503,1561,1610,1652,1701,1706,1730,1731,1753,1714,1726,1746,1808,1851,1903,1925,1956,1963,2002,2022,2033,2084,2098,2140,2198,2231,2279,2324,2339,2355,2377,2368,2398,2375,2406,2384,2405,2394,2371,2355,2342,2325,2235,2192,2135,2070,2010,1943,1904,1871,1791,1731,1669,1625,1578,1481,1455,1426,1354,1315,1253,1205,1157,1088,1072,1005,974,931,913,875,853,799,802,776,747,737,733,702,677,646,658,639,624,599,579,562,559,541,525,511,496,493,467,480,458,460,462,454,431,432,414,402,411,400,396,396,412,390,382,387,383,381,375,387,375,378,368,375,366,369,368,361,363,378,363,369,368,356,359,367,352,357,343,352,348,353,359,343,347,365,345,354,352,336,375,347,353,354,343,353,365,347,354,347,362,365,367,361,359,342,349,367,353,354,362,362,400,361,367,352,367,371,362,368,368,367,380,368,363,365,358,368,393,367,365,359,368,371,365,377,365,350,362,358,351,363,360,352,369,351,351,365,368,371,359,368,363
"2026-09-23 20:41:19.951",332425,ON,"coriander",2502,368,362,358,350,358,350,370,355,347,358,348,360,377,366,361,350,337,352,349,355,354,351,368,354,339,354,347,351,352,349,346,349,343,353,354,359,362,350,356,367,352,375,373,383,403,430,452,509,545,627,765,924,1159,1370,1525,1605,1573,1477,1438,1274,1216,1141,1069,989,939,939,922,932,939,976,1019,1088,1102,1169,1221,1331,1335,1370,1417,1477,1563,1595,1642,1670,1729,1772,1795,1808,1814,1822,1808,1798,1851,1886,1923,1978,2001,2031,2055,2069,2096,2135,2192,2242,2234,2311,2338,2373,2432,2439,2464,2481,2469,2498,2480,2495,2497,2502,2488,2480,2457,2431,2384,2334,2285,2205,2167,2119,2046,2001,1939,1878,1825,1751,1698,1648,1582,1518,1476,1406,1369,1294,1236,1197,1132,1120,1057,1008,970,944,901,870,835,822,787,764,754,752,721,695,669,662,655,636,614,597,574,571,540,544,527,502,511,479,487,466,463,465,464,438,443,425,414,410,400,405,408,418,400,390,384,384,384,378,389,377,384,375,335,368,373,368,355,362,368,362,370,368,350,365,368,352,361,342,348,351,358,360,349,347,363,345,354,349,343,383,349,315,354,347,357,363,355,353,350,362,368,368,357,365,352,365,360,364,358,358,359,370,353,368,366,368,373,357,367,368,368,371,382,359,368,365,374,387,364,369,367,367,363,353,379,368,357,367,354,352,363,367,349,362,345,360,366,362,370,365,368,357
"2026-09-23 20:41:25.222",332425,ON,"coriander",2607,368,361,356,362,358,358,368,353,351,358,352,368,400,364,358,359,347,358,350,358,362,346,368,368,355,357,346,353,363,352,348,353,353,356,354,357,359,349,356,368,357,377,342,396,414,435,459,523,564,646,790,958,1187,1429,1584,1680,1613,1525,1486,1326,1260,1187,1095,1021,973,966,950,960,979,1010,1053,1139,1153,1216,1254,1389,1377,1421,1474,1535,1623,1631,1685,1731,1782,1848,1868,1881,1894,1888,1839,1874,1914,1941,2004,2059,2085,2111,2126,2158,2187,2215,2253,2281,2315,2387,2437,2463,2512,2555,2549,2559,2559,2595,2559,2607,2590,2605,2589,2559,2555,2544,2447,2433,2377,2304,2259,2176,2128,2067,2014,1923,1879,1812,1749,1682,1639,1565,1535,1455,1418,1345,1278,1242,1178,1147,1073,1038,1009,976,925,901,857,842,816,791,783,781,734,718,688,674,673,650,627,603,585,579,560,558,531,511,522,493,501,473,465,475,470,438,439,435,420,415,404,369,403,417,406,392,389,387,386,383,398,379,382,380,377,382,370,368,362,366,378,359,369,367,354,366,369,357,363,346,357,351,355,405,348,345,368,348,355,357,338,381,350,357,357,351,363,361,354,354,353,368,368,376,366,361,349,365,368,359,366,367,363,369,358,378,354,370,374,363,374,370,372,375,379,366,372,367,371,395,371,371,368,369,341,365,380,369,357,367,362,359,363,359,336,372,349,355,368,366,372,356,367,363
"2026-09-23 20:41:30.492",332425,ON,"coriander",2509,368,361,358,357,363,355,370,363,343,362,355,366,381,368,362,358,343,355,350,356,345,353,373,357,346,358,350,356,363,354,347,360,347,350,357,353,357,354,362,371,363,375,380,384,404,435,448,510,553,641,757,923,1123,1367,1517,1611,1535,1469,1424,1277,1209,1136,1062,989,953,937,916,931,947,972,1021,1103,1094,1171,1216,1346,1315,1378,1414,1474,1571,1566,1632,1676,1727,1760,1775,1817,1818,1807,1789,1807,1839,1864,1913,1967,1995,2029,2059,2070,2101,2123,2169,2189,2226,2302,2331,2385,2416,2447,2465,2459,2463,2487,2466,2480,2507,2509,2458,2449,2448,2448,2375,2319,2299,2213,2162,2112,2037,1991,1930,1856,1803,1739,1698,1633,1571,1505,1476,1397,1359,1286,1235,1175,1126,1106,1040,1002,971,926,897,879,825,820,799,772,758,756,724,702,671,658,673,639,621,594,576,560,555,545,528,505,505,486,493,465,465,470,454,437,445,431,414,405,400,410,401,415,405,395,391,394,386,383,399,384,384,381,375,368,379,377,366,366,380,359,377,368,352,368,369,357,363,348,353,358,358,362,342,351,368,352,356,353,351,384,342,355,358,346,357,364,351,354,351,367,368,378,365,357,350,360,364,362,364,362,363,378,357,368,366,369,381,366,374,371,366,371,373,364,368,364,368,398,369,368,366,367,368,362,378,368,361,368,357,354,368,362,359,368,351,351,369,367,369,363,363,367
"2026-09-23 20:41:35.763",332425,ON,"coriander",2481,368,359,361,354,366,351,377,362,349,335,353,358,378,367,361,356,350,355,363,357,357,353,370,341,350,361,348,357,365,355,351,359,350,347,356,357,362,353,358,365,357,383,384,379,404,427,449,507,555,639,751,916,1139,1356,1494,1584,1561,1439,1407,1259,1206,1131,1045,976,927,937,919,919,933,967,1015,1090,1083,1151,1200,1334,1299,1355,1409,1466,1535,1535,1627,1661,1712,1758,1767,1794,1804,1792,1772,1770,1833,1848,1907,1953,1979,2010,2027,2064,2074,2102,2149,2174,2206,2262,2319,2375,2388,2413,2436,2457,2442,2452,2461,2481,2465,2474,2480,2437,2416,2459,2338,2307,2266,2197,2157,2098,2023,1976,1909,1842,1797,1709,1662,1610,1572,1523,1457,1390,1360,1277,1221,1188,1113,1100,1036,987,963,928,892,866,826,819,788,765,761,751,717,697,665,658,655,635,607,589,573,561,544,534,528,501,511,481,487,468,463,471,463,442,442,422,412,409,401,406,397,413,400,393,394,386,387,385,395,384,379,374,375,372,379,368,363,366,379,365,373,369,363,368,368,358,365,352,347,355,361,362,350,349,367,346,357,355,346,383,351,357,358,350,359,358,352,347,354,368,371,373,364,367,350,359,364,365,358,363,357,369,355,375,358,368,369,365,374,369,370,370,379,363,368,361,390,393,363,368,365,366,373,364,380,368,357,368,361,352,362,362,351,366,351,353,368,368,372,368,367,358
"2026-09-23 20:41:41.033",332425,ON,"coriander",2545,368,365,357,380,359,367,377,361,347,361,353,366,377,367,359,361,346,358,358,362,363,354,371,355,352,362,351,368,362,361,352,354,351,353,357,354,365,343,355,369,359,383,384,387,413,432,457,524,560,655,781,938,1180,1403,1535,1642,1608,1489,1409,1307,1237,1170,1082,1009,962,953,940,960,958,992,1042,1124,1133,1175,1232,1355,1355,1392,1458,1515,1590,1616,1665,1712,1763,1807,1823,1854,1858,1851,1835,1842,1875,1957,1971,2018,2032,2082,2081,2129,2150,2176,2224,2246,2284,2313,2393,2426,2482,2506,2511,2530,2518,2534,2532,2545,2534,2545,2545,2526,2501,2490,2427,2389,2352,2257,2208,2157,2087,2039,1977,1895,1853,1783,1728,1674,1613,1562,1509,1433,1392,1331,1266,1210,1152,1129,1069,1019,991,965,922,882,851,841,811,784,783,768,734,716,687,672,666,638,626,593,589,581,563,558,531,506,511,484,496,467,470,466,467,443,448,430,417,410,400,413,399,413,405,400,397,390,382,387,391,385,384,380,378,371,384,372,368,371,373,366,371,371,354,368,371,358,365,352,363,361,366,368,340,352,368,354,357,356,352,387,356,358,362,349,359,365,349,354,360,368,369,374,363,368,347,361,368,363,368,366,363,372,359,373,358,369,379,368,373,370,368,377,380,368,370,368,369,400,367,370,367,367,368,363,384,371,355,368,364,356,369,363,358,369,356,352,368,364,375,367,368,367
"2026-09-23 20:41:46.304",332425,ON,"coriander",2581,366,368,358,359,362,352,372,357,348,367,352,367,374,368,359,363,346,353,354,355,368,357,372,362,351,355,350,353,362,362,350,361,351,351,361,361,361,343,357,368,355,384,384,390,414,434,457,528,562,644,790,945,1192,1408,1565,1653,1602,1506,1408,1323,1232,1169,1083,1011,962,960,944,963,970,1002,1046,1127,1135,1205,1248,1374,1354,1411,1460,1520,1594,1625,1681,1731,1781,1814,1853,1863,1859,1871,1839,1856,1910,1918,1983,2020,2045,2099,2110,2146,2169,2185,2244,2256,2320,2352,2410,2448,2500,2515,2513,2543,2551,2551,2542,2581,2559,2559,2559,2545,2530,2496,2448,2413,2350,2259,2220,2163,2091,2045,2002,1920,1871,1806,1744,1678,1622,1557,1518,1442,1415,1316,1283,1232,1162,1136,1075,1018,998,977,927,895,851,846,819,795,774,781,742,710,679,677,665,640,629,589,592,581,560,550,545,511,511,491,497,473,463,470,464,436,447,432,419,407,408,407,400,416,406,392,384,389,393,385,400,383,386,383,373,369,369,370,365,367,375,363,379,376,359,370,368,359,366,352,353,352,363,368,355,351,368,350,354,362,348,384,355,365,362,346,361,370,353,354,362,368,370,378,368,368,348,365,369,368,362,362,363,374,357,368,368,373,380,370,384,368,375,379,383,368,349,366,372,400,368,368,366,365,367,368,382,368,356,365,377,357,367,363,357,368,352,358,365,371,373,366,358,365
"2026-09-23 20:41:51.574",332425,ON,"coriander",2627,368,362,358,360,362,357,374,366,357,365,352,366,384,369,362,363,352,358,364,358,365,356,383,362,351,340,349,353,356,355,347,355,352,352,357,356,362,352,352,368,361,389,383,396,419,438,464,527,563,656,794,965,1200,1446,1603,1691,1629,1535,1424,1334,1262,1197,1104,1023,981,967,958,971,986,1008,1069,1149,1145,1218,1270,1395,1378,1437,1478,1530,1641,1648,1711,1745,1793,1859,1878,1899,1877,1889,1875,1886,1930,1968,2001,2059,2079,2132,2138,2169,2198,2220,2268,2304,2338,2388,2448,2486,2517,2554,2587,2598,2579,2621,2584,2625,2603,2627,2613,2589,2559,2547,2480,2427,2384,2303,2262,2214,2128,2093,2046,1936,1902,1829,1771,1709,1642,1584,1535,1456,1427,1351,1289,1247,1171,1152,1088,1053,1009,985,945,903,863,853,815,797,787,785,745,718,688,677,671,641,633,607,590,594,562,554,537,528,525,496,508,481,475,470,476,443,450,439,429,421,410,413,411,422,409,400,381,397,391,384,399,386,384,382,377,381,375,372,368,368,377,365,369,378,359,369,368,363,365,346,357,352,363,371,354,353,368,355,342,361,351,382,355,354,362,353,361,369,358,353,357,357,369,378,364,365,350,353,368,368,366,363,364,384,365,368,368,373,384,368,375,373,368,383,381,369,370,362,379,395,375,370,363,367,368,367,380,370,363,368,363,354,368,370,357,375,357,359,369,368,379,368,368,368
"2026-09-23 20:41:56.845",332425,ON,"coriander",2602,358,361,360,353,361,354,376,359,352,366,351,369,378,368,359,365,348,353,363,357,362,358,400,359,350,359,351,356,358,364,354,358,351,354,360,357,362,353,363,368,357,383,384,385,413,435,461,527,573,647,786,966,1200,1417,1579,1670,1630,1506,1430,1322,1253,1174,1093,1018,966,975,943,976,971,1008,1062,1140,1136,1196,1253,1382,1364,1422,1461,1535,1628,1638,1686,1737,1786,1845,1853,1878,1871,1888,1851,1868,1891,1952,1996,2044,2086,2115,2129,2160,2207,2210,2245,2283,2305,2383,2436,2457,2513,2544,2559,2585,2552,2559,2559,2596,2587,2602,2581,2559,2542,2521,2447,2432,2357,2286,2242,2185,2112,2067,1997,1932,1893,1811,1749,1693,1633,1575,1535,1456,1406,1335,1277,1230,1163,1143,1067,1047,1003,976,923,895,860,832,816,815,785,755,742,715,690,678,673,656,625,598,580,585,562,551,534,521,523,490,497,469,474,469,460,418,447,436,432,416,414,413,403,418,414,391,389,387,390,363,396,384,389,384,375,374,382,368,369,369,378,363,375,373,355,370,368,359,364,351,359,358,363,365,352,353,367,350,352,355,346,384,351,359,363,351,363,367,355,355,353,370,373,384,361,363,362,363,368,365,366,368,365,379,361,374,368,371,379,369,377,369,372,377,377,368,375,371,373,400,375,370,369,385,365,366,384,368,355,368,367,351,368,354,355,368,353,354,373,371,378,368,371,365
"2026-09-23 20:42:02.105",322781,ON,"coriander",2595,368,369,358,338,363,356,381,361,356,368,359,368,384,365,368,359,348,359,357,355,365,358,372,355,352,363,354,354,368,359,348,364,350,352,353,357,358,354,357,374,359,384,380,386,411,435,462,528,566,654,795,960,1200,1459,1584,1670,1616,1535,1431,1328,1263,1187,1088,1014,976,970,963,960,976,997,1059,1136,1133,1202,1264,1379,1370,1424,1469,1529,1640,1630,1697,1739,1785,1823,1856,1885,1883,1875,1858,1877,1892,1948,1985,2032,2074,2113,2127,2155,2167,2199,2247,2288,2302,2379,2413,2463,2516,2529,2582,2559,2551,2584,2559,2583,2559,2595,2559,2559,2534,2541,2458,2417,2354,2273,2230,2165,2106,2047,1993,1920,1882,1807,1747,1665,1625,1560,1520,1440,1408,1335,1275,1235,1157,1142,1083,1040,996,974,925,898,861,852,823,787,784,771,741,720,677,665,661,646,629,601,585,585,557,557,533,522,511,494,497,479,466,470,464,439,448,433,425,412,414,413,404,427,410,400,396,400,393,384,399,384,381,383,375,368,377,369,366,368,378,364,375,374,357,367,370,359,357,343,358,353,361,368,351,358,366,352,363,358,354,381,351,359,359,345,356,368,355,355,358,368,368,383,366,364,347,367,368,365,359,367,365,379,358,383,360,372,378,373,383,368,386,382,376,349,372,370,378,397,371,379,368,366,368,368,381,369,358,371,364,353,370,363,359,370,354,359,369,370,375,369,371,364
"2026-09-23 20:42:07.158",313188,ON,"coriander",2559,369,368,356,357,350,354,368,359,349,357,351,368,377,364,365,359,341,355,359,355,364,353,370,363,350,362,346,364,361,354,347,364,351,357,356,355,358,351,354,371,353,382,374,384,414,435,455,522,562,653,774,950,1192,1424,1563,1653,1597,1520,1435,1303,1251,1174,1087,1007,944,960,939,938,965,1001,1040,1113,1119,1200,1247,1367,1357,1399,1454,1520,1609,1615,1709,1721,1757,1811,1829,1853,1845,1857,1842,1838,1872,1919,1969,2010,2051,2096,2082,2123,2159,2189,2237,2248,2282,2353,2395,2448,2481,2502,2525,2532,2523,2535,2519,2559,2531,2559,2527,2536,2501,2500,2422,2393,2338,2259,2203,2145,2096,2031,1974,1891,1866,1776,1740,1669,1616,1563,1511,1434,1398,1321,1263,1209,1146,1132,1070,1018,978,958,912,890,847,831,815,780,765,770,725,714,676,671,665,642,621,595,578,579,555,547,534,511,502,484,496,466,464,469,464,437,443,426,416,409,409,413,404,414,409,390,384,390,388,381,383,383,383,378,368,368,378,370,367,360,375,358,375,368,349,365,373,355,363,345,357,352,361,368,349,352,363,347,354,355,346,384,353,357,362,344,363,366,352,351,352,370,368,378,365,366,351,361,367,364,363,363,363,375,363,368,361,368,374,365,373,372,368,377,373,368,373,362,368,398,366,371,366,367,368,367,373,368,355,365,357,351,366,366,353,375,353,354,369,365,376,362,367,366
"2026-09-23 20:42:12.503",313188,ON,"coriander",2559,368,366,359,353,356,350,371,357,362,362,349,362,379,368,360,349,343,354,354,357,357,353,369,355,347,359,350,350,357,353,349,363,355,363,368,361,354,349,359,367,346,384,384,390,404,434,464,511,521,657,775,966,1208,1440,1584,1664,1616,1511,1481,1315,1253,1168,1088,1018,965,963,954,961,960,999,1053,1133,1133,1200,1255,1369,1369,1419,1457,1518,1613,1619,1686,1716,1765,1829,1834,1873,1861,1858,1843,1873,1910,1935,1975,2030,2077,2113,2096,2147,2166,2181,2230,2266,2289,2366,2413,2448,2501,2522,2527,2533,2517,2559,2533,2559,2557,2559,2553,2541,2512,2490,2422,2399,2349,2263,2223,2174,2100,2057,1982,1913,1862,1796,1739,1683,1616,1571,1515,1442,1401,1335,1278,1225,1150,1139,1054,1022,981,966,960,896,848,838,806,785,771,770,743,710,678,672,667,645,624,599,582,578,553,546,530,511,511,491,493,475,465,471,461,435,446,431,421,414,407,410,401,418,406,394,389,390,391,382,395,381,384,378,380,370,377,370,365,365,382,366,380,368,363,368,339,359,363,347,358,354,368,363,353,347,372,352,355,360,347,384,348,354,367,345,360,366,349,349,350,367,368,372,362,363,353,354,359,365,363,363,366,370,352,369,358,369,371,366,368,368,375,380,376,368,371,368,374,402,368,373,368,347,365,363,379,361,356,365,355,356,368,363,354,366,350,346,374,367,371,368,368,362
"2026-09-23 20:42:17.502",313188,ON,"coriander",2591,368,365,361,356,365,354,382,359,353,366,351,367,379,367,362,357,349,353,354,355,359,354,370,359,355,336,350,361,358,355,352,388,354,358,341,357,326,349,359,366,356,381,384,381,400,437,461,527,570,658,789,956,1219,1439,1604,1665,1620,1517,1498,1338,1264,1189,1111,1020,977,965,945,970,978,1018,1066,1131,1138,1221,1257,1377,1380,1430,1481,1526,1621,1645,1709,1743,1791,1845,1856,1881,1861,1869,1856,1863,1909,1941,1987,2046,2064,2096,2107,2159,2176,2210,2245,2265,2297,2368,2425,2448,2514,2519,2530,2557,2539,2559,2546,2559,2591,2586,2583,2559,2519,2502,2438,2390,2352,2267,2243,2175,2112,2064,2000,1918,1866,1808,1744,1693,1619,1570,1511,1454,1405,1342,1269,1237,1159,1151,1071,1046,986,939,931,896,854,839,815,794,770,781,741,713,686,672,673,652,634,598,583,580,555,550,535,528,511,490,496,480,466,469,461,447,444,431,421,421,412,409,414,424,405,395,394,391,385,384,394,384,378,381,373,374,375,368,365,366,374,368,377,368,357,369,369,359,367,352,353,355,364,365,349,352,369,351,361,368,350,382,354,358,361,342,356,362,354,354,354,369,370,380,364,366,341,361,366,364,362,366,362,374,361,373,361,368,378,368,378,372,368,377,375,368,370,368,369,398,369,374,368,367,368,363,384,371,362,365,361,356,366,359,353,368,359,351,373,366,379,365,370,363
"2026-09-23 20:42:22.847",313188,ON,"coriander",2639,368,361,368,363,361,353,371,357,352,361,351,368,377,366,358,357,343,354,354,358,365,355,378,356,349,359,352,361,359,349,349,358,349,353,356,359,363,351,353,368,359,383,384,389,415,439,465,530,575,665,801,972,1218,1453,1631,1711,1631,1558,1534,1345,1294,1198,1111,1053,990,986,963,986,992,1023,1088,1166,1152,1220,1280,1404,1408,1440,1494,1568,1653,1677,1725,1773,1801,1887,1877,1905,1918,1915,1897,1894,1938,1985,2011,2077,2112,2160,2143,2187,2205,2241,2286,2320,2343,2422,2448,2514,2559,2559,2603,2612,2605,2618,2608,2624,2627,2639,2637,2605,2582,2559,2503,2449,2397,2326,2272,2224,2137,2096,2036,1957,1904,1823,1773,1716,1648,1601,1535,1459,1458,1346,1293,1242,1183,1149,1078,1047,1014,979,923,912,865,847,820,799,784,785,752,726,694,685,675,657,624,610,590,590,565,559,541,511,511,492,500,473,432,473,464,439,449,433,420,422,410,401,409,419,403,400,394,395,391,385,400,388,384,380,380,367,378,371,368,373,374,368,379,373,353,369,370,355,366,350,363,361,363,368,350,352,365,351,363,357,349,381,352,355,361,349,358,362,349,352,357,369,368,381,358,359,349,357,374,362,363,364,367,379,359,373,368,368,378,365,381,368,372,380,378,368,369,363,369,397,369,368,358,368,363,367,383,368,361,368,365,357,365,365,355,370,336,358,368,368,374,368,371,367
"2026-09-23 20:42:28.053",302617,ON,"coriander",2594,368,358,363,354,368,355,374,336,351,362,352,366,379,365,359,359,349,355,329,354,364,356,369,355,325,364,346,354,354,352,347,354,346,353,354,338,362,345,362,368,354,378,386,385,415,432,459,523,566,657,785,954,1211,1429,1600,1680,1616,1535,1437,1319,1265,1197,1090,1023,976,976,953,960,970,1003,1059,1131,1136,1215,1246,1386,1362,1412,1461,1520,1623,1629,1673,1727,1771,1827,1854,1859,1881,1851,1840,1843,1894,1938,1980,2031,2075,2094,2112,2125,2165,2193,2233,2278,2289,2352,2407,2448,2481,2509,2514,2553,2545,2559,2550,2551,2551,2594,2544,2525,2510,2497,2416,2389,2352,2259,2210,2150,2089,2023,1979,1901,1856,1774,1721,1669,1608,1535,1514,1422,1389,1310,1263,1221,1149,1133,1057,1023,985,951,919,885,849,835,812,783,768,763,731,707,687,661,669,639,623,592,581,571,553,550,527,521,511,467,496,470,464,466,463,435,448,432,413,410,410,413,400,417,405,396,390,387,389,384,400,384,382,382,370,369,375,369,368,365,375,361,373,368,359,368,366,353,363,349,352,357,362,362,347,327,367,352,354,358,347,385,353,353,359,345,359,362,355,354,348,368,374,382,367,365,349,362,366,365,359,363,365,369,358,378,366,368,371,368,378,370,368,375,380,363,371,367,377,399,368,369,363,368,371,365,382,368,357,369,359,351,367,364,356,368,353,358,368,368,368,361,373,363
"2026-09-23 20:42:33.248",302617,ON,"coriander",2582,366,368,357,352,362,358,395,358,351,365,347,368,378,368,353,359,346,357,358,355,364,353,373,355,350,361,348,355,362,359,349,358,354,353,362,358,358,350,362,371,357,378,385,397,415,437,464,522,566,653,793,961,1217,1431,1593,1683,1622,1523,1438,1327,1264,1185,1104,1023,976,971,949,975,983,1007,1061,1138,1136,1219,1221,1391,1366,1421,1472,1535,1629,1630,1692,1733,1775,1840,1856,1873,1874,1870,1841,1869,1903,1936,1939,2026,2081,2106,2113,2119,2174,2192,2240,2256,2290,2362,2404,2448,2505,2518,2529,2559,2533,2559,2544,2559,2558,2582,2549,2544,2521,2497,2439,2382,2342,2271,2207,2161,2093,2043,1975,1915,1867,1788,1739,1684,1621,1535,1513,1425,1392,1330,1275,1214,1153,1121,1053,1036,986,967,915,883,845,834,807,787,769,767,731,704,685,670,655,656,621,594,588,579,557,553,532,511,511,487,496,470,464,475,464,448,449,427,420,410,409,406,402,416,405,396,389,387,387,383,398,383,387,371,379,372,378,377,364,368,377,366,371,371,365,368,369,363,365,347,358,353,363,367,349,356,371,354,357,362,357,384,351,359,362,346,363,362,353,357,356,370,368,375,367,359,349,365,368,365,366,367,361,374,367,373,365,368,376,384,374,400,368,363,374,367,369,367,371,400,369,371,368,368,365,371,378,368,357,368,361,358,368,364,356,368,352,362,373,368,371,367,368,363
"2026-09-23 20:42:38.442",302617,ON,"coriander",2606,368,361,363,363,364,361,371,355,352,363,354,368,375,366,355,352,345,355,354,359,359,353,368,362,347,354,347,373,362,352,353,359,349,359,358,368,364,351,359,397,354,384,391,388,416,435,464,532,571,659,794,975,1216,1457,1613,1695,1647,1527,1446,1339,1260,1200,1104,1039,979,982,953,980,986,1017,1055,1154,1153,1217,1256,1403,1388,1433,1489,1535,1641,1650,1705,1755,1809,1854,1840,1905,1904,1904,1872,1881,1923,1947,2005,2044,2085,2112,2130,2162,2185,2215,2260,2297,2315,2403,2429,2471,2512,2522,2547,2585,2559,2602,2559,2606,2559,2603,2559,2549,2544,2530,2457,2421,2381,2313,2243,2186,2102,2053,2006,1925,1879,1799,1755,1683,1631,1563,1535,1443,1411,1323,1264,1238,1165,1146,1085,1044,1008,970,925,908,860,839,817,785,773,773,739,706,688,674,673,643,630,607,581,579,563,550,538,486,522,490,497,479,467,482,467,445,453,432,418,417,412,415,406,419,403,398,389,391,391,388,400,381,386,379,379,369,375,375,368,368,375,368,375,368,363,369,368,359,364,354,356,365,359,369,353,353,361,353,357,359,354,389,350,366,349,352,358,367,366,355,354,368,365,381,368,364,338,367,365,367,368,368,368,377,361,378,364,368,379,370,381,377,377,379,382,368,374,366,375,399,368,374,368,366,362,364,379,368,360,362,359,353,365,366,354,368,353,356,368,368,369,369,367,360
"2026-09-23 20:42:43.637",302617,ON,"coriander",2591,370,365,361,356,363,354,374,362,352,359,352,363,373,366,367,358,346,352,356,359,362,359,370,363,348,359,356,357,358,355,353,357,350,356,361,361,362,353,361,367,356,386,386,389,416,433,460,530,566,657,784,975,1205,1434,1599,1691,1631,1525,1491,1326,1259,1194,1118,1034,975,974,955,972,988,1011,1060,1134,1145,1207,1253,1394,1366,1423,1471,1530,1631,1627,1698,1728,1779,1837,1852,1872,1871,1873,1856,1889,1917,1936,1984,2036,2079,2110,2122,2144,2170,2205,2247,2269,2314,2368,2416,2453,2496,2523,2544,2559,2537,2583,2559,2559,2581,2591,2556,2544,2525,2512,2435,2409,2355,2271,2205,2162,2109,2038,1979,1911,1862,1787,1729,1680,1623,1565,1517,1435,1399,1327,1278,1223,1164,1129,1071,1040,993,967,923,894,849,835,816,782,775,769,730,714,688,669,667,640,624,607,576,584,556,547,538,511,528,487,496,466,464,468,470,439,450,432,423,414,415,409,404,417,407,399,394,391,396,384,395,386,383,380,382,369,371,372,366,368,374,342,371,368,357,368,368,356,366,345,359,356,361,370,346,347,368,355,357,357,347,386,358,362,362,350,359,363,354,351,353,369,368,381,320,363,348,363,368,368,365,368,368,371,361,377,358,368,378,365,374,370,374,375,376,368,370,369,373,397,368,370,367,368,367,362,384,367,357,367,365,352,372,363,355,370,350,359,371,368,368,366,367,363
"2026-09-23 20:42:48.831",302617,ON,"coriander",2559,368,366,367,359,364,354,374,357,355,363,355,364,369,368,361,359,352,365,357,355,368,357,375,362,351,368,351,366,362,358,344,355,354,354,365,358,363,356,356,371,368,382,381,385,422,433,464,521,576,662,785,959,1208,1424,1584,1680,1609,1535,1489,1323,1266,1181,1102,1007,966,965,947,974,976,995,1057,1130,1127,1205,1255,1376,1347,1420,1456,1525,1608,1629,1686,1721,1785,1826,1827,1865,1861,1854,1845,1857,1899,1919,1979,2022,2058,2080,2103,2128,2160,2167,2231,2203,2288,2368,2400,2453,2483,2512,2512,2531,2525,2547,2540,2553,2555,2559,2557,2531,2509,2487,2424,2387,2337,2263,2224,2147,2095,2032,1998,1903,1862,1787,1728,1664,1610,1535,1503,1424,1396,1328,1269,1216,1156,1134,1057,1023,983,964,913,897,849,833,816,789,778,759,737,707,671,673,661,643,622,597,587,578,560,555,545,511,511,495,505,468,471,470,465,443,445,432,421,414,413,415,407,415,408,394,394,391,389,384,395,390,384,399,384,380,373,375,372,363,381,368,379,374,358,368,372,365,364,351,361,359,367,368,346,367,369,353,367,368,352,384,357,365,368,352,368,370,359,358,356,368,368,393,367,367,354,363,369,368,366,339,363,378,357,369,366,368,382,365,372,371,368,374,375,373,379,367,373,400,368,369,365,370,366,368,379,370,363,366,358,355,370,363,361,368,336,345,369,368,370,368,368,367
"2026-09-23 20:42:54.026",302617,ON,"coriander",2559,368,363,359,361,365,357,374,365,355,362,354,370,384,365,359,358,351,354,361,355,369,357,370,359,326,363,348,346,363,350,347,358,312,353,357,358,365,354,356,369,363,379,386,396,416,437,464,511,576,651,794,960,1203,1438,1585,1679,1626,1511,1427,1328,1266,1186,1086,1023,971,960,950,963,976,1006,1061,1136,1127,1206,1252,1389,1377,1417,1463,1520,1631,1638,1695,1738,1767,1825,1839,1871,1863,1866,1840,1856,1904,1936,1978,2032,2045,2101,2117,2128,2155,2183,2250,2245,2310,2370,2416,2446,2485,2512,2522,2547,2534,2559,2549,2559,2559,2559,2553,2544,2533,2496,2427,2411,2341,2271,2217,2150,2098,2032,1988,1898,1839,1790,1733,1684,1622,1565,1514,1435,1390,1326,1280,1210,1158,1142,1068,1023,990,961,929,888,839,839,805,795,780,757,739,725,690,680,669,640,624,606,590,579,560,553,534,511,521,482,498,449,465,474,462,438,439,431,423,412,404,415,400,419,407,397,389,394,393,393,399,385,362,382,383,374,377,373,368,370,378,366,380,369,357,368,375,356,368,347,384,357,361,370,354,353,389,342,357,353,350,385,355,361,366,348,361,368,354,355,357,372,371,381,367,365,358,360,368,365,358,368,365,379,361,377,368,369,383,367,375,377,370,378,385,368,368,367,377,393,369,372,368,370,366,368,406,368,357,368,363,369,370,366,365,370,354,354,377,368,369,368,369,368
"2026-09-23 20:42:59.220",302617,ON,"coriander",2622,367,359,359,351,363,356,379,357,354,369,354,366,382,368,355,354,346,357,354,358,368,354,371,361,354,363,349,355,365,357,346,365,354,355,355,356,360,353,363,366,354,384,384,390,411,435,464,511,569,666,790,966,1230,1442,1605,1698,1634,1535,1437,1339,1273,1196,1104,1038,975,981,953,993,983,1023,1072,1149,1152,1215,1269,1380,1374,1434,1483,1535,1641,1648,1707,1744,1793,1848,1860,1891,1889,1871,1872,1863,1936,1952,1998,2047,2082,2121,2129,2160,2185,2196,2272,2307,2315,2383,2447,2479,2529,2539,2559,2559,2595,2594,2581,2582,2622,2594,2583,2559,2549,2542,2449,2416,2370,2297,2257,2186,2128,2075,1990,1937,1875,1808,1753,1684,1638,1584,1535,1450,1409,1344,1279,1245,1168,1152,1079,1021,989,974,938,899,854,847,820,798,787,770,749,717,688,676,672,652,670,610,587,578,550,554,543,511,511,493,501,477,468,478,469,438,448,432,422,431,407,414,400,422,405,396,394,393,389,389,393,391,390,381,382,373,380,379,368,369,393,368,381,375,358,368,367,364,362,351,359,355,366,365,350,349,368,352,359,360,342,387,346,356,354,350,361,358,356,355,351,367,375,373,366,359,354,362,365,365,368,365,362,373,356,371,367,373,374,368,369,371,371,381,381,368,369,367,370,396,368,371,368,367,365,368,384,368,352,363,359,353,365,368,358,368,352,364,368,366,370,370,390,365
"2026-09-23 20:43:04.315",293037,ON,"coriander",2559,367,371,362,354,365,359,375,359,351,358,357,360,381,359,357,358,346,352,356,356,363,353,369,358,352,358,350,354,362,359,352,358,347,351,357,353,363,353,355,369,336,385,381,391,407,434,461,511,569,649,779,954,1203,1427,1584,1664,1615,1511,1417,1325,1251,1180,1095,1013,962,954,954,958,996,1002,1059,1127,1135,1201,1250,1367,1361,1409,1467,1510,1615,1611,1684,1728,1771,1813,1827,1847,1872,1852,1840,1841,1886,1923,1959,2000,2040,2081,2104,2128,2158,2159,2224,2247,2285,2350,2387,2432,2473,2477,2509,2521,2511,2547,2530,2537,2533,2559,2529,2506,2498,2480,2413,2374,2321,2254,2221,2133,2080,2023,1968,1890,1840,1774,1711,1664,1599,1535,1489,1426,1392,1310,1264,1227,1149,1117,1049,1011,983,960,913,886,838,837,801,784,765,765,733,704,681,656,661,633,620,588,591,576,553,541,529,511,511,490,496,464,466,468,464,435,438,432,415,413,412,413,402,415,407,390,398,392,395,382,395,385,384,374,376,370,377,375,368,368,376,365,384,368,357,366,370,360,362,347,355,354,361,368,352,354,367,371,362,358,353,382,356,361,364,373,353,368,352,355,362,367,369,379,365,362,351,368,368,365,365,368,365,378,362,375,365,374,376,368,369,374,372,373,377,363,371,368,381,397,368,372,366,367,363,366,381,367,353,365,365,355,377,363,354,368,350,354,373,346,374,364,368,360
"2026-09-23 20:43:09.360",293037,ON,"coriander",2491,368,366,362,355,363,358,373,357,351,368,345,358,378,367,356,354,349,363,359,358,368,355,368,363,351,358,346,361,366,366,347,358,349,365,356,354,365,350,358,370,358,381,384,388,407,436,454,511,557,641,777,936,1167,1393,1535,1617,1571,1464,1382,1281,1227,1159,1072,999,955,944,922,928,953,976,1021,1115,1104,1172,1213,1328,1326,1378,1424,1477,1565,1578,1627,1675,1726,1760,1776,1802,1807,1789,1783,1789,1846,1865,1925,1951,1984,2032,2039,2063,2091,2101,2172,2189,2212,2285,2334,2352,2411,2391,2429,2437,2441,2490,2454,2467,2459,2491,2447,2446,2407,2426,2348,2317,2263,2204,2142,2094,2012,1969,1921,1844,1799,1723,1678,1616,1535,1507,1455,1394,1351,1280,1232,1150,1121,1101,1023,999,963,941,902,875,827,815,793,765,756,750,709,701,665,656,652,639,622,591,574,575,555,537,527,511,511,481,496,466,459,467,462,433,445,430,416,407,409,407,400,418,402,390,387,386,390,377,398,384,384,378,381,377,383,368,367,368,378,366,373,375,356,369,368,363,367,331,361,367,365,368,352,355,370,355,366,361,347,385,358,359,371,346,358,363,351,355,352,370,370,370,368,366,357,359,369,337,368,369,365,381,368,378,359,368,384,368,376,371,370,384,379,369,379,366,370,395,368,367,368,367,368,365,381,365,354,373,361,353,365,366,353,368,347,352,372,367,375,368,368,359
"2026-09-23 20:43:14.406",293037,ON,"coriander",2553,368,363,359,358,366,350,372,355,368,365,351,354,377,368,368,356,347,357,357,353,365,354,374,352,351,358,350,355,354,358,352,359,351,350,358,355,363,353,359,369,360,384,381,389,409,437,454,523,570,661,794,959,1198,1418,1589,1670,1606,1520,1419,1312,1234,1182,1093,1011,966,962,944,958,977,999,1066,1133,1104,1203,1259,1370,1359,1411,1454,1523,1606,1619,1687,1725,1762,1813,1832,1867,1873,1857,1837,1846,1904,1918,1958,2017,2035,2094,2097,2130,2149,2176,2218,2242,2256,2349,2384,2417,2480,2500,2525,2527,2510,2544,2532,2546,2553,2543,2543,2526,2496,2480,2423,2385,2342,2240,2205,2143,2080,2032,1970,1894,1847,1767,1719,1660,1597,1532,1505,1415,1379,1317,1250,1213,1141,1134,1061,1012,991,955,906,881,848,829,818,778,768,768,734,711,681,669,672,638,623,602,578,577,560,549,533,511,511,488,490,470,487,475,459,440,444,433,425,410,410,400,405,419,402,398,394,390,390,382,400,390,384,384,383,370,372,373,367,367,370,368,375,371,355,368,375,366,368,353,361,363,367,368,354,358,399,357,363,363,349,381,352,363,365,354,355,367,352,359,356,367,374,384,367,368,353,362,368,368,366,368,365,381,359,373,370,373,379,367,375,372,368,383,380,368,367,363,374,400,370,370,370,368,365,362,382,370,359,368,358,352,372,360,355,370,354,355,368,368,376,368,363,364
"2026-09-23 20:43:19.451",293037,ON,"coriander",2547,368,367,359,361,364,353,369,359,327,368,355,367,379,368,364,363,345,357,359,358,366,355,371,362,353,354,349,357,361,354,354,359,352,351,358,355,363,356,335,368,353,391,388,385,414,439,464,511,571,661,806,966,1203,1430,1586,1648,1653,1509,1422,1317,1267,1171,1102,1014,976,944,937,962,967,995,1050,1128,1134,1194,1248,1360,1350,1401,1466,1507,1615,1605,1675,1712,1759,1811,1838,1847,1847,1853,1834,1840,1879,1899,1957,2007,2032,2073,2087,2111,2145,2166,2211,2233,2257,2343,2379,2416,2458,2480,2480,2522,2499,2523,2507,2531,2537,2547,2519,2496,2475,2464,2387,2368,2319,2240,2194,2137,2069,2003,1961,1904,1828,1770,1714,1649,1587,1531,1498,1421,1369,1304,1255,1209,1136,1118,1051,1011,974,954,909,880,838,822,809,785,763,763,725,711,674,673,666,628,618,591,576,576,555,544,529,511,511,490,481,471,464,467,461,447,445,433,423,415,415,415,403,416,401,394,392,385,392,383,400,384,383,371,377,369,376,368,357,365,377,368,371,368,358,366,368,359,364,355,355,357,363,367,354,349,370,353,363,355,349,384,358,366,367,351,349,367,352,353,358,368,373,373,368,362,345,348,362,359,368,368,368,374,367,378,368,369,381,364,370,378,369,378,378,368,385,367,370,399,368,374,368,368,365,368,381,368,365,369,368,354,368,361,357,370,347,362,373,368,379,362,369,357
"2026-09-23 20:43:24.497",293037,ON,"coriander",2496,368,367,355,358,368,357,375,365,355,366,353,368,383,367,363,355,345,355,355,378,365,354,370,361,350,356,352,358,361,355,350,353,354,352,358,355,363,353,358,368,357,380,380,383,413,442,461,511,561,650,784,941,1182,1407,1535,1625,1568,1493,1388,1293,1217,1159,1077,1003,947,947,929,941,953,980,1034,1109,1111,1189,1229,1343,1328,1388,1446,1478,1579,1573,1630,1692,1733,1775,1787,1806,1823,1813,1802,1806,1847,1879,1931,1967,1994,2057,2053,2096,2067,2133,2165,2199,2223,2299,2346,2384,2429,2421,2461,2463,2448,2492,2457,2481,2482,2496,2474,2455,2443,2421,2355,2327,2284,2217,2145,2090,2032,1979,1936,1850,1819,1726,1686,1625,1563,1517,1456,1399,1354,1294,1243,1200,1125,1104,1037,1002,971,942,903,876,830,825,790,775,729,759,723,701,657,662,661,635,614,592,577,571,548,538,541,511,507,485,496,475,458,464,461,438,446,432,416,410,403,405,400,423,401,395,388,393,384,383,397,382,375,379,374,370,374,368,364,368,379,365,374,351,365,368,375,367,365,354,361,357,364,366,351,354,370,351,359,358,351,381,351,362,361,352,355,368,355,354,357,368,371,378,365,366,348,367,368,366,368,368,357,379,365,375,361,368,384,368,356,370,373,376,375,368,377,368,371,394,368,373,368,368,368,357,379,370,354,368,365,354,364,363,358,363,352,354,370,369,375,367,368,360
"2026-09-23 20:43:29.542",293037,ON,"coriander",2559,368,361,358,365,363,358,380,368,353,368,359,367,383,368,364,365,351,355,358,362,368,357,377,365,350,359,353,361,359,353,353,355,357,355,358,365,363,353,359,371,359,384,391,394,413,439,464,528,571,665,791,966,1206,1440,1584,1673,1614,1520,1485,1338,1262,1183,1105,1033,977,972,961,970,982,1009,1057,1151,1138,1216,1251,1381,1355,1410,1459,1523,1616,1615,1680,1731,1762,1827,1830,1872,1855,1861,1872,1857,1891,1927,1978,2005,2064,2095,2105,2142,2160,2183,2221,2255,2283,2345,2421,2448,2482,2482,2509,2530,2515,2537,2518,2556,2545,2559,2538,2523,2496,2486,2415,2378,2327,2249,2209,2146,2111,2035,1968,1906,1853,1771,1718,1680,1600,1552,1501,1429,1399,1317,1263,1216,1149,1136,1062,1021,979,961,921,875,838,834,816,784,770,765,726,705,681,673,670,652,624,597,581,577,573,554,544,523,511,487,498,480,475,474,452,437,448,432,425,416,407,411,403,418,412,398,390,395,396,384,400,384,389,386,380,374,379,356,367,366,375,368,381,368,363,368,368,356,365,352,329,356,362,371,347,347,368,353,356,359,353,387,357,364,368,350,361,367,356,358,358,367,372,381,374,365,361,365,365,369,366,373,363,382,365,374,368,369,383,366,373,371,371,382,379,368,375,368,378,400,374,372,368,370,368,368,384,373,356,368,366,361,368,368,364,368,353,358,373,368,377,374,369,367
"2026-09-23 20:43:34.588",293037,ON,"coriander",2533,370,361,366,364,368,356,382,368,357,367,355,368,385,370,363,363,350,361,355,361,364,352,374,364,352,362,347,367,361,355,346,354,357,351,358,358,364,352,358,362,365,384,385,390,422,442,462,523,570,663,795,969,1207,1424,1589,1662,1612,1520,1482,1326,1246,1175,1094,1023,974,961,941,957,977,1006,1051,1136,1133,1216,1239,1367,1354,1406,1454,1509,1605,1606,1683,1723,1757,1804,1817,1840,1856,1852,1813,1837,1899,1909,1958,2005,2031,2078,2086,2111,2147,2173,2225,2245,2258,2324,2378,2406,2470,2480,2495,2502,2502,2526,2509,2515,2522,2533,2516,2497,2480,2477,2412,2367,2314,2251,2176,2128,2067,2011,1951,1879,1835,1739,1712,1661,1590,1535,1494,1414,1379,1294,1264,1205,1136,1129,1048,1008,974,954,912,881,819,822,798,778,774,768,726,706,683,669,661,649,620,597,585,574,560,555,535,511,511,485,496,477,469,474,464,438,443,433,426,411,405,407,412,421,410,402,397,395,394,381,399,383,382,382,379,374,374,382,367,369,371,368,382,369,357,369,370,365,363,346,354,359,362,368,362,347,368,355,363,358,350,384,359,363,363,348,383,368,352,366,357,368,376,376,368,367,356,363,364,367,362,368,367,381,361,375,368,371,379,368,375,377,373,384,373,368,371,368,371,400,378,375,367,371,368,368,382,369,363,369,339,356,368,364,361,369,354,357,368,368,373,370,368,368
"2026-09-23 20:43:39.633",293037,ON,"coriander",2595,369,368,366,359,365,358,379,364,354,369,355,371,380,368,366,362,353,362,359,361,368,354,368,364,353,361,350,361,368,358,357,366,358,362,362,352,368,355,357,371,362,389,391,388,416,439,464,533,571,671,806,976,1231,1456,1628,1696,1643,1556,1502,1350,1312,1211,1103,1037,986,987,966,963,983,1014,1072,1145,1149,1203,1258,1395,1378,1465,1484,1535,1634,1638,1695,1742,1800,1854,1853,1867,1875,1882,1872,1870,1917,1936,2015,2037,2071,2128,2127,2142,2189,2208,2249,2288,2304,2389,2418,2454,2512,2519,2559,2559,2555,2559,2548,2559,2559,2595,2555,2546,2514,2512,2451,2400,2352,2320,2255,2166,2085,2055,1982,1911,1857,1789,1742,1698,1636,1573,1533,1444,1411,1328,1282,1232,1153,1141,1072,1034,988,970,925,896,861,848,823,784,771,778,741,719,683,679,663,646,624,603,583,581,560,554,541,511,528,496,502,485,466,479,464,448,447,432,421,417,420,414,411,424,418,400,395,398,397,389,402,389,391,393,383,375,383,380,370,371,384,368,380,373,363,368,375,362,368,351,361,359,362,368,352,355,368,354,363,363,352,387,361,362,363,352,368,373,361,359,358,368,377,378,368,368,353,358,374,363,368,370,350,374,362,382,363,379,383,367,379,375,379,383,384,370,375,368,374,400,368,377,369,371,371,370,384,374,367,370,364,366,369,330,365,382,357,362,378,369,377,371,368,368
"2026-09-23 20:43:44.681",293037,ON,"coriander",2592,368,363,367,357,363,355,374,361,352,368,355,368,384,349,367,363,350,355,358,359,365,353,368,359,353,358,352,356,339,355,352,357,352,353,358,361,367,355,363,372,361,383,387,391,426,446,465,537,567,669,795,977,1217,1456,1619,1712,1632,1529,1502,1334,1271,1200,1099,1039,973,979,960,973,983,1018,1079,1136,1148,1223,1265,1394,1379,1426,1473,1535,1648,1636,1711,1732,1792,1824,1866,1879,1872,1872,1868,1874,1905,1945,2001,2035,2070,2112,2119,2154,2178,2202,2243,2295,2299,2362,2429,2480,2496,2529,2539,2537,2541,2592,2545,2559,2559,2559,2559,2544,2525,2515,2451,2398,2341,2278,2225,2175,2103,2043,2001,1905,1872,1807,1743,1683,1623,1568,1520,1436,1405,1331,1270,1221,1167,1146,1072,1040,976,962,915,896,848,832,816,784,777,768,734,704,687,666,667,656,628,609,583,576,557,549,545,511,509,487,508,473,454,471,461,439,442,432,415,420,414,417,406,426,410,398,391,390,394,383,400,385,384,381,384,383,375,378,366,368,378,367,378,374,359,372,369,363,365,348,355,353,365,368,358,354,368,352,356,359,349,379,359,365,361,353,368,367,358,357,358,373,371,376,366,364,353,359,363,368,367,365,363,382,362,379,363,368,384,368,373,374,370,380,377,368,375,368,379,399,373,374,369,369,368,368,380,370,355,368,363,355,368,362,359,373,354,362,368,368,371,369,368,368
"2026-09-23 20:43:49.727",293037,ON,"coriander",2590,368,360,357,361,363,355,373,362,353,368,353,368,384,368,364,345,350,359,361,366,368,355,371,364,350,365,352,361,362,361,353,361,356,361,359,366,362,347,358,368,359,384,388,388,434,446,464,532,567,667,806,974,1231,1446,1611,1686,1644,1535,1504,1339,1265,1184,1113,1023,982,961,961,973,982,1008,1072,1143,1153,1214,1254,1382,1376,1424,1472,1535,1629,1645,1689,1751,1762,1853,1846,1877,1885,1858,1854,1871,1905,1936,1997,2034,2090,2093,2124,2149,2163,2182,2254,2261,2288,2375,2422,2466,2480,2487,2531,2535,2540,2558,2549,2558,2544,2590,2559,2537,2521,2502,2414,2391,2350,2277,2213,2153,2100,2046,1975,1906,1843,1782,1730,1671,1614,1563,1511,1441,1392,1330,1264,1214,1157,1138,1071,1019,993,970,917,883,848,837,809,787,770,778,741,713,685,678,669,641,621,602,581,582,559,549,528,509,511,491,496,474,471,469,463,445,448,432,426,415,406,415,402,419,407,395,407,390,395,379,399,383,386,384,381,374,371,370,369,368,380,370,384,373,358,365,368,365,365,350,362,359,366,369,351,304,365,343,357,371,349,388,360,368,359,354,359,365,347,351,349,365,376,380,367,366,350,361,369,366,368,358,367,379,368,379,366,374,379,368,382,371,349,378,402,366,373,368,379,403,378,372,372,370,357,369,377,368,359,369,363,366,366,368,360,371,352,361,373,369,377,372,368,367
"2026-09-23 20:43:54.764",284484,ON,"coriander",2589,368,358,361,356,368,358,375,362,351,366,351,365,381,368,367,356,349,359,357,354,366,359,370,364,356,364,347,353,365,358,355,362,356,358,359,363,358,353,361,368,361,351,389,391,422,444,465,535,576,665,817,985,1231,1473,1615,1707,1645,1535,1509,1355,1280,1208,1120,1035,990,1003,960,975,992,1017,1069,1152,1136,1214,1269,1394,1379,1422,1483,1522,1642,1639,1706,1733,1787,1845,1846,1884,1879,1882,1861,1886,1922,1945,1998,2047,2082,2113,2136,2154,2195,2224,2255,2275,2306,2383,2432,2469,2495,2517,2534,2558,2533,2589,2559,2586,2559,2559,2559,2559,2533,2529,2448,2412,2349,2290,2226,2161,2108,2043,1999,1919,1859,1793,1731,1684,1616,1570,1522,1438,1410,1333,1286,1223,1159,1137,1072,1035,994,967,931,903,853,839,813,775,768,775,723,719,679,677,669,651,621,592,581,581,566,550,535,524,510,485,495,478,464,470,462,439,437,432,418,417,416,415,401,425,405,400,393,394,392,393,400,385,383,381,375,379,371,370,364,370,375,363,377,369,359,368,369,366,329,347,359,362,385,368,352,353,363,352,363,358,352,383,355,357,360,350,361,367,349,358,354,369,378,380,368,363,353,365,326,358,360,368,321,375,364,378,368,372,384,368,373,371,373,381,371,368,374,368,370,400,375,374,368,367,367,369,385,368,356,368,365,355,369,369,383,368,354,354,375,366,378,368,367,368
"2026-09-23 20:44:00.015",284484,ON,"coriander",2589,353,363,363,357,363,361,374,358,354,363,358,368,384,368,364,357,345,357,359,359,366,358,374,358,349,361,355,361,365,362,354,355,352,358,377,357,363,349,355,373,353,384,384,394,416,439,468,528,567,674,805,981,1232,1465,1616,1711,1649,1554,1445,1344,1277,1202,1130,1037,987,990,969,970,987,1021,1072,1150,1150,1210,1254,1392,1384,1436,1483,1524,1629,1645,1693,1749,1745,1842,1846,1889,1883,1870,1867,1863,1904,1950,1995,2027,2062,2101,2127,2144,2177,2182,2253,2279,2310,2381,2416,2454,2492,2515,2546,2559,2543,2559,2528,2559,2559,2589,2545,2546,2523,2517,2432,2409,2339,2285,2224,2143,2096,2038,1973,1905,1859,1779,1731,1657,1616,1554,1508,1438,1401,1328,1277,1229,1162,1136,1072,1030,990,963,916,899,849,841,820,787,778,759,734,713,688,671,667,646,624,607,589,577,565,550,529,528,523,480,499,477,467,477,464,448,448,432,421,416,417,410,405,419,415,399,399,395,395,385,400,386,386,383,382,374,383,379,368,373,380,368,381,378,368,368,369,365,369,352,357,358,368,373,355,355,371,354,363,363,351,384,355,366,367,354,343,366,357,358,357,369,373,384,367,368,359,368,369,379,366,366,365,380,366,381,364,368,378,368,373,374,371,375,380,369,379,367,380,400,369,365,368,370,368,368,387,368,363,366,359,359,373,367,358,369,355,366,383,349,379,368,370,368
"2026-09-23 20:44:05.265",284484,ON,"coriander",2535,367,368,362,367,365,363,373,365,357,368,352,370,379,368,364,362,349,359,357,358,368,358,367,366,353,361,350,359,363,354,355,358,358,354,361,362,368,352,361,370,359,384,385,390,419,446,461,528,570,666,799,970,1216,1426,1593,1684,1614,1517,1419,1323,1262,1184,1105,1041,973,960,947,962,972,1004,1044,1136,1133,1200,1237,1369,1359,1402,1456,1516,1617,1622,1678,1712,1771,1790,1826,1842,1853,1839,1840,1856,1875,1919,1955,2013,2055,2086,2085,2130,2137,2170,2210,2237,2269,2330,2369,2425,2448,2486,2514,2527,2499,2532,2535,2528,2519,2528,2511,2496,2483,2467,2384,2363,2271,2240,2203,2129,2064,2018,1962,1888,1840,1763,1706,1658,1594,1535,1495,1425,1376,1314,1267,1211,1133,1121,1040,1011,975,965,912,881,847,833,806,771,767,767,729,704,678,677,663,642,629,594,585,576,557,551,533,511,522,490,499,473,467,474,463,439,448,427,423,422,410,408,406,429,406,400,387,393,389,387,397,387,384,379,384,373,377,369,368,368,377,363,381,378,360,355,369,362,368,352,361,359,365,367,353,352,369,353,365,367,349,389,363,361,367,350,361,369,358,358,347,380,378,385,368,366,355,363,369,368,368,368,366,379,363,381,367,374,379,371,383,382,374,378,382,374,378,369,381,409,370,374,372,379,368,368,385,371,361,368,363,353,368,371,361,373,355,361,371,373,369,336,369,369
"2026-09-23 20:44:10.516",284484,ON,"coriander",2608,368,366,368,367,368,358,381,363,356,365,358,366,385,368,363,361,351,361,358,362,369,362,375,361,393,362,350,359,365,357,351,366,355,358,368,365,364,354,363,369,366,384,390,390,430,445,465,531,588,667,816,983,1227,1466,1629,1723,1679,1569,1456,1360,1281,1200,1113,1037,993,949,974,985,985,1013,1074,1149,1143,1223,1266,1401,1376,1437,1500,1567,1648,1657,1712,1758,1792,1846,1856,1901,1886,1893,1859,1891,1920,1945,2031,2061,2082,2126,2137,2161,2187,2224,2257,2273,2310,2384,2431,2448,2512,2541,2549,2559,2542,2586,2544,2559,2559,2608,2559,2546,2534,2510,2463,2413,2362,2285,2240,2171,2093,2037,1993,1923,1856,1793,1743,1679,1619,1572,1529,1444,1399,1323,1290,1242,1154,1146,1070,1041,1008,976,931,899,852,842,813,787,784,769,741,710,686,685,673,646,631,599,585,590,559,559,539,526,511,492,498,469,468,479,465,446,447,432,426,416,407,411,401,417,405,400,396,400,393,384,402,387,383,384,371,384,379,385,367,384,384,371,379,373,368,373,377,365,369,353,356,320,362,370,354,356,373,357,362,367,339,390,359,364,365,354,363,369,360,362,359,369,375,384,373,368,351,361,369,368,367,368,365,382,365,384,367,381,381,369,377,380,371,383,381,369,373,373,383,405,370,377,369,373,368,367,389,369,364,371,401,355,370,370,366,377,355,361,373,375,375,377,378,368
"2026-09-23 20:44:15.721",275678,ON,"coriander",2535,368,364,362,357,353,355,374,362,351,363,354,368,384,368,365,361,350,361,353,355,365,355,369,358,347,358,349,357,355,368,338,361,349,353,363,362,359,351,353,374,355,375,395,388,428,434,458,531,575,663,796,967,1219,1431,1601,1682,1631,1532,1422,1334,1262,1184,1110,1030,972,954,950,973,985,1006,1043,1129,1133,1199,1252,1361,1359,1402,1440,1520,1598,1619,1675,1706,1763,1813,1831,1856,1845,1839,1819,1837,1889,1917,1967,2007,2047,2086,2091,2117,2148,2174,2208,2230,2256,2333,2389,2417,2467,2489,2490,2482,2493,2527,2507,2535,2514,2529,2534,2494,2481,2469,2406,2368,2326,2240,2193,2135,2059,2027,1951,1878,1835,1744,1739,1653,1594,1535,1489,1422,1390,1302,1264,1207,1136,1128,1061,1004,977,967,905,879,847,827,797,773,768,757,727,704,673,663,657,635,609,598,576,575,552,560,530,511,506,488,496,473,464,470,459,437,448,434,417,413,409,413,400,416,403,395,391,389,387,386,397,382,382,383,378,375,374,371,367,366,375,368,380,368,365,368,370,358,367,351,365,358,362,370,353,354,369,358,364,359,353,384,356,367,358,352,362,368,354,359,358,368,374,380,367,365,358,362,362,365,362,373,363,368,355,373,364,368,379,368,377,369,370,378,368,368,368,368,369,396,369,368,368,368,368,368,384,368,356,386,355,354,365,368,356,368,351,357,369,367,374,368,368,367
"2026-09-23 20:44:20.828",275678,ON,"coriander",2531,359,366,363,360,366,357,384,355,347,363,351,365,381,366,365,363,348,354,356,352,363,357,369,352,353,359,350,359,353,362,351,353,355,352,354,366,368,350,362,367,362,379,387,390,426,442,463,528,566,659,791,959,1207,1422,1587,1656,1616,1517,1479,1324,1264,1168,1090,1020,971,958,942,967,971,999,1057,1127,1130,1200,1233,1375,1359,1416,1456,1514,1602,1611,1671,1713,1746,1797,1814,1843,1839,1850,1815,1827,1872,1898,1949,2000,2032,2071,2065,2117,2131,2151,2211,2211,2265,2326,2368,2408,2454,2465,2483,2502,2487,2510,2498,2516,2505,2531,2512,2496,2461,2450,2397,2361,2294,2221,2173,2130,2047,2007,1936,1883,1818,1749,1706,1649,1588,1526,1491,1402,1378,1299,1257,1205,1133,1122,1045,1010,969,946,907,880,847,825,790,777,769,765,726,699,694,670,656,643,624,592,576,576,555,545,528,509,511,482,498,474,466,475,463,434,445,432,416,408,410,411,403,419,410,391,390,390,391,385,401,384,382,380,382,326,374,371,358,370,374,367,370,370,353,368,368,363,368,348,355,347,356,365,355,351,370,355,361,361,351,385,355,356,365,348,361,365,352,358,376,370,369,385,367,363,359,364,366,363,370,369,362,373,368,371,367,393,378,368,375,373,374,377,378,365,369,368,374,397,368,379,370,368,366,370,389,374,353,370,357,354,368,368,362,370,356,358,371,368,378,370,368,368
"2026-09-23 20:44:25.934",275678,ON,"coriander",2531,368,368,358,361,363,362,383,365,354,364,356,368,386,368,362,356,353,357,353,354,367,358,373,362,350,359,348,356,358,355,351,357,355,354,358,359,366,349,365,370,358,384,385,387,422,446,473,560,570,663,800,971,1229,1447,1600,1662,1625,1521,1477,1330,1263,1185,1104,1036,977,969,950,961,970,1003,1064,1134,1135,1200,1247,1367,1349,1409,1454,1506,1595,1625,1682,1713,1759,1806,1840,1851,1854,1846,1821,1831,1871,1918,1965,2000,2042,2081,2076,2112,2131,2153,2207,2225,2257,2329,2367,2411,2448,2461,2484,2505,2500,2508,2478,2513,2514,2531,2511,2497,2493,2461,2397,2368,2309,2241,2194,2125,2053,2000,1936,1871,1823,1757,1701,1641,1582,1535,1486,1412,1377,1306,1242,1205,1129,1113,1040,1003,983,953,912,880,835,826,797,775,766,759,738,702,678,674,662,636,626,605,576,579,559,548,530,510,510,482,494,471,464,467,463,443,442,431,419,416,414,405,408,418,410,390,395,387,387,384,400,383,384,381,383,375,381,375,368,368,378,368,375,374,362,370,371,367,368,352,363,356,358,368,352,352,368,355,359,362,353,384,362,361,362,351,362,366,362,355,365,370,370,382,367,367,353,358,370,362,368,368,379,383,353,374,373,374,378,369,382,378,371,381,380,369,374,368,372,400,368,374,368,368,368,368,382,368,361,369,366,357,371,373,361,373,352,361,380,369,375,369,372,368
"2026-09-23 20:44:31.047",275678,ON,"coriander",2559,368,369,361,359,363,357,381,359,354,361,353,368,384,371,369,362,362,362,358,362,366,361,375,362,355,367,352,342,358,357,351,358,357,359,358,359,367,353,358,371,364,382,384,387,417,446,466,533,576,675,810,987,1241,1472,1633,1702,1642,1565,1520,1360,1290,1205,1127,1050,993,975,976,979,991,1023,1072,1155,1156,1219,1264,1399,1392,1424,1473,1521,1643,1632,1700,1745,1787,1840,1850,1888,1891,1889,1867,1873,1904,1939,2012,2032,2069,2109,2118,2160,2176,2186,2233,2272,2313,2362,2421,2459,2513,2517,2533,2544,2555,2551,2539,2559,2559,2559,2559,2539,2518,2517,2443,2368,2349,2269,2224,2157,2096,2046,1975,1910,1847,1779,1743,1677,1616,1555,1506,1447,1403,1323,1280,1231,1151,1142,1070,1030,990,958,914,901,850,832,813,786,781,770,733,713,688,673,673,646,625,601,583,580,562,555,533,528,539,487,501,479,464,474,464,448,446,431,425,422,416,407,415,421,405,387,395,395,391,388,398,391,384,382,388,378,382,373,369,374,381,368,375,367,358,368,370,365,368,353,362,357,366,371,353,355,371,353,362,362,353,377,357,362,368,354,355,368,357,362,353,375,376,384,366,368,359,367,368,366,369,373,369,376,363,378,368,370,383,368,375,336,375,381,383,368,372,368,371,406,370,375,367,367,368,368,379,368,358,366,368,359,370,368,361,368,354,375,369,372,368,369,368,368
"2026-09-23 20:44:36.154",275678,ON,"coriander",2525,368,368,368,363,364,357,375,361,355,366,358,367,384,368,363,359,347,358,357,361,368,358,374,361,351,366,350,354,359,359,343,362,345,353,357,362,375,352,365,369,362,378,381,394,430,448,464,524,576,661,791,972,1207,1433,1588,1669,1616,1535,1493,1321,1264,1187,1094,1031,992,955,943,962,976,1007,1045,1131,1135,1201,1242,1370,1362,1411,1456,1519,1603,1616,1665,1709,1767,1793,1820,1842,1843,1843,1834,1830,1881,1920,1950,2000,2028,2074,2083,2128,2143,2163,2211,2224,2256,2321,2358,2415,2477,2480,2496,2512,2489,2524,2496,2525,2511,2519,2512,2498,2490,2450,2385,2366,2302,2233,2186,2108,2047,2001,1957,1873,1825,1767,1701,1647,1569,1520,1487,1408,1376,1296,1235,1200,1136,1124,1040,1009,971,949,916,881,835,820,797,774,768,759,735,703,675,667,656,640,625,605,576,572,554,545,534,511,507,482,496,471,471,469,464,438,450,435,427,413,407,411,411,422,407,398,390,391,385,384,399,384,381,382,381,369,384,378,363,369,379,370,379,368,357,369,369,364,367,352,357,359,368,382,349,353,371,355,359,358,350,382,357,363,362,357,365,368,353,359,355,371,375,382,371,371,357,358,368,366,368,371,367,384,364,378,369,371,384,363,378,351,373,377,380,368,370,371,369,403,371,371,366,370,368,368,382,370,361,369,346,362,371,366,365,374,358,363,368,368,375,368,368,362
"2026-09-23 20:44:41.261",275678,ON,"coriander",2512,368,367,365,361,364,358,374,367,357,367,355,368,382,373,365,358,351,366,361,358,367,361,378,366,354,366,351,362,365,358,352,357,373,360,361,366,368,356,363,374,359,384,390,374,423,444,465,528,576,663,789,969,1200,1444,1584,1679,1610,1515,1463,1307,1249,1181,1093,1019,976,959,944,961,967,991,1053,1129,1122,1189,1233,1363,1341,1403,1435,1497,1600,1598,1648,1711,1758,1810,1808,1842,1839,1833,1818,1829,1847,1904,1906,1979,2003,2043,2069,2093,2112,2155,2180,2202,2246,2290,2338,2398,2420,2446,2460,2483,2463,2512,2479,2482,2481,2512,2470,2476,2441,2445,2368,2336,2286,2201,2163,2107,2032,1991,1929,1904,1802,1731,1699,1645,1568,1519,1484,1403,1359,1285,1235,1191,1128,1111,1039,1008,970,946,895,881,831,817,787,770,763,752,729,698,665,659,656,630,610,602,576,573,549,547,530,501,521,481,497,474,464,474,464,439,450,433,439,416,407,411,410,419,410,397,389,398,395,388,400,379,385,385,382,379,379,379,366,373,385,368,382,379,366,366,370,368,369,354,363,367,366,368,353,341,368,359,359,365,352,385,319,361,384,349,366,369,355,356,359,374,374,407,368,368,352,368,369,368,365,367,368,381,365,378,368,375,378,368,383,379,379,378,383,367,373,369,378,403,372,374,368,369,373,368,384,373,362,369,367,368,365,368,364,371,361,354,374,374,384,374,372,368
"2026-09-23 20:44:46.368",275678,ON,"coriander",2533,368,367,367,362,362,355,378,362,356,366,382,368,379,375,366,368,349,361,359,366,368,363,372,361,352,362,345,358,365,355,352,357,358,345,353,363,367,352,361,371,367,387,390,394,423,449,464,528,577,675,798,978,1171,1444,1601,1680,1613,1535,1494,1331,1264,1164,1105,1022,976,983,950,967,975,1008,1056,1132,1142,1199,1247,1377,1371,1418,1466,1524,1619,1619,1679,1703,1766,1808,1827,1851,1856,1829,1840,1823,1846,1902,1958,1999,2000,2073,2075,2102,2129,2160,2202,2231,2259,2323,2367,2401,2459,2478,2493,2508,2499,2524,2493,2506,2512,2533,2512,2483,2479,2473,2383,2355,2311,2237,2181,2112,2057,2000,1939,1863,1818,1760,1695,1657,1579,1526,1479,1416,1354,1293,1251,1203,1139,1136,1040,1008,971,945,905,876,839,831,807,772,759,763,736,701,668,669,665,647,623,603,581,581,555,553,528,509,503,479,496,476,465,465,464,441,445,432,422,416,410,412,406,427,411,399,391,394,386,385,403,385,393,377,379,377,373,377,368,369,374,362,381,377,365,370,377,357,368,323,361,365,368,368,350,357,375,355,365,365,395,390,355,366,362,355,363,366,358,358,363,373,382,380,363,365,355,368,368,372,377,368,376,382,367,378,365,375,380,375,382,384,370,379,375,371,380,370,377,402,381,378,368,374,367,372,382,373,364,368,368,363,366,369,363,378,357,368,381,375,380,369,373,367
"2026-09-23 20:44:51.476",275678,ON,"coriander",2544,366,364,361,364,364,354,375,352,357,367,352,364,383,368,356,357,353,361,357,358,359,357,375,358,350,363,342,353,363,356,346,362,354,355,357,366,359,351,355,374,353,381,391,389,422,438,467,531,576,660,764,977,1217,1449,1591,1681,1646,1525,1504,1338,1264,1198,1104,1040,973,970,957,955,976,999,1062,1137,1136,1212,1243,1371,1367,1408,1461,1523,1630,1625,1681,1712,1772,1822,1827,1863,1856,1851,1839,1840,1904,1920,1946,1996,2047,2095,2096,2123,2151,2171,2217,2226,2266,2341,2373,2427,2459,2480,2506,2525,2512,2527,2506,2544,2532,2544,2537,2508,2482,2463,2384,2363,2307,2241,2189,2128,2064,1999,1941,1857,1819,1758,1714,1653,1584,1524,1488,1417,1389,1302,1252,1211,1137,1113,1051,987,967,946,911,890,837,830,799,771,765,766,731,706,670,681,663,637,625,594,576,578,563,544,527,511,511,491,487,478,460,475,462,443,444,427,423,421,415,415,408,416,406,401,393,393,397,389,402,389,385,389,384,379,375,380,378,365,381,371,381,368,361,373,371,365,371,352,365,363,367,369,354,349,371,353,367,364,353,388,357,362,365,353,364,368,356,363,363,378,372,384,368,365,359,365,369,368,368,372,368,381,364,382,368,375,382,371,405,375,377,378,383,368,377,374,375,401,375,371,369,370,369,368,382,369,356,363,367,353,375,367,358,368,356,362,375,369,380,373,371,361
"2026-09-23 20:44:56.583",275678,ON,"coriander",2623,366,368,363,366,371,360,381,368,352,368,359,370,387,368,365,365,354,357,363,358,370,363,373,367,354,363,358,360,369,366,353,368,361,361,362,362,368,355,362,375,363,392,389,395,428,442,470,534,590,685,807,1007,1261,1505,1650,1744,1677,1591,1483,1369,1300,1232,1125,1056,997,989,976,985,1005,1040,1095,1153,1168,1246,1296,1405,1401,1458,1499,1566,1661,1666,1716,1762,1846,1871,1883,1921,1907,1904,1897,1905,1931,1968,2028,2070,2083,2140,2139,2192,2211,2237,2287,2306,2334,2433,2450,2484,2528,2555,2585,2595,2559,2608,2578,2599,2608,2623,2595,2559,2555,2556,2464,2439,2383,2304,2247,2211,2117,2081,1998,1936,1878,1819,1763,1691,1646,1582,1530,1459,1421,1335,1280,1234,1163,1138,1087,1042,997,975,940,907,849,848,826,791,779,784,750,720,691,682,678,643,627,610,587,589,562,555,542,527,524,497,511,479,473,481,479,448,450,438,427,423,414,414,415,422,416,400,400,399,399,388,404,390,379,384,389,375,374,381,373,368,383,370,383,374,366,366,376,368,369,354,367,359,368,369,365,359,372,360,368,364,354,385,357,368,339,355,365,368,359,363,358,373,374,385,368,371,353,368,371,366,367,373,368,381,368,383,371,381,379,374,382,375,377,384,384,368,378,374,378,404,373,379,368,377,377,371,385,381,363,375,368,359,367,368,366,373,362,362,379,368,373,379,373,346
"2026-09-23 20:45:01.691",275678,ON,"coriander",2629,368,366,367,365,367,359,379,363,357,368,333,368,385,369,367,356,363,363,361,357,369,358,377,365,359,365,361,363,368,363,359,362,357,360,365,361,368,358,359,373,367,384,391,393,427,447,470,543,586,688,826,1019,1266,1506,1675,1761,1701,1597,1488,1389,1310,1232,1142,1062,1008,1008,987,1008,1017,1051,1104,1172,1171,1232,1295,1426,1408,1477,1531,1535,1665,1691,1733,1776,1831,1881,1903,1923,1919,1905,1904,1916,1968,1983,2032,2087,2116,2149,2160,2208,2225,2237,2302,2321,2358,2421,2475,2529,2559,2591,2588,2611,2609,2616,2608,2614,2619,2629,2614,2605,2559,2559,2480,2447,2393,2315,2258,2202,2131,2075,2023,1966,1891,1818,1759,1712,1646,1589,1535,1447,1408,1347,1286,1254,1167,1154,1082,1055,1010,978,931,896,869,850,821,795,783,783,743,718,688,688,686,651,636,606,585,588,560,561,542,529,524,496,509,481,473,486,470,445,451,436,431,425,413,413,409,427,416,400,400,395,394,386,410,387,390,384,384,375,379,382,371,375,380,367,381,381,364,371,374,366,367,355,366,368,369,375,352,359,372,356,364,368,358,391,357,367,368,355,366,371,361,362,362,377,382,382,368,368,360,368,370,369,368,372,368,382,367,379,368,369,384,368,378,375,374,391,384,382,377,373,380,398,379,377,368,368,368,369,385,371,363,377,363,355,374,366,368,371,365,361,369,371,382,372,374,368
"2026-09-23 20:45:06.695",267631,ON,"coriander",2595,372,366,363,362,393,358,374,362,357,366,352,372,382,368,366,366,349,353,358,357,368,356,371,365,346,365,347,362,360,366,352,357,354,353,363,357,366,350,355,373,361,390,383,390,418,447,471,535,586,678,815,992,1253,1485,1643,1727,1675,1576,1472,1365,1289,1214,1130,1047,1005,991,971,987,1006,1039,1082,1153,1152,1232,1281,1402,1391,1446,1501,1535,1646,1665,1714,1765,1792,1862,1873,1942,1899,1899,1873,1876,1937,1968,2013,2055,2094,2119,2157,2155,2198,2223,2256,2290,2323,2403,2435,2464,2529,2529,2559,2559,2548,2592,2551,2586,2559,2595,2559,2559,2522,2511,2445,2417,2355,2294,2240,2162,2118,2055,2000,1921,1905,1803,1736,1692,1630,1569,1520,1450,1408,1328,1279,1233,1162,1137,1072,1034,1004,976,923,897,854,839,816,790,778,778,738,688,687,675,668,653,627,604,583,582,554,547,546,526,511,495,501,476,469,471,464,442,449,437,427,416,410,410,411,426,415,398,393,389,388,389,402,385,384,384,381,379,378,375,368,372,383,368,374,374,362,374,368,365,364,354,358,361,363,368,351,353,369,354,364,362,347,385,359,367,368,350,362,368,357,357,361,368,370,385,369,371,358,365,369,363,368,368,368,383,368,384,362,380,381,368,378,379,373,381,384,368,374,373,378,406,370,380,368,377,340,368,378,379,365,369,368,362,368,373,358,407,356,355,368,370,379,368,372,366
"2026-09-23 20:45:11.985",267631,ON,"coriander",2608,368,368,363,365,363,358,374,367,358,367,341,367,379,370,359,359,352,366,355,366,368,356,371,364,349,368,352,358,365,363,353,362,354,357,368,364,362,352,362,370,363,386,387,393,423,449,471,539,578,683,818,995,1251,1491,1656,1744,1661,1569,1477,1373,1299,1221,1136,1049,997,990,977,982,1007,1023,1083,1162,1161,1233,1279,1403,1399,1459,1495,1567,1646,1664,1718,1750,1809,1857,1883,1903,1915,1903,1877,1904,1928,1968,2016,2059,2086,2134,2145,2174,2199,2221,2261,2275,2331,2411,2434,2476,2513,2538,2556,2581,2588,2608,2559,2603,2581,2607,2559,2555,2526,2512,2448,2417,2373,2287,2246,2171,2103,2037,1989,1924,1858,1801,1743,1685,1616,1557,1525,1445,1406,1325,1270,1222,1147,1141,1070,1031,983,962,933,900,853,844,818,795,775,780,735,717,689,674,677,652,626,598,589,587,567,548,547,511,511,492,497,480,470,482,465,445,448,434,418,418,414,415,411,416,413,400,390,397,395,410,405,388,385,383,381,383,379,381,368,366,381,367,383,366,365,375,374,368,369,355,362,363,368,368,349,352,369,353,362,361,354,386,355,362,368,356,368,368,356,352,361,369,374,381,368,368,359,366,368,367,367,368,368,382,359,379,367,374,379,370,378,376,369,384,380,371,377,370,374,400,372,379,371,370,368,370,383,372,358,368,364,352,370,368,363,369,359,361,374,370,384,370,374,367
"2026-09-23 20:45:17.249",259914,ON,"coriander",2559,369,368,359,361,365,362,382,362,356,368,355,367,384,368,365,362,350,352,355,363,362,357,371,357,350,360,354,355,358,357,354,362,352,352,359,362,362,349,361,372,358,388,388,391,418,443,469,534,584,673,813,992,1243,1488,1625,1712,1665,1568,1520,1357,1285,1211,1133,1043,994,983,976,983,988,1015,1071,1161,1154,1225,1286,1393,1390,1425,1491,1535,1631,1646,1709,1749,1793,1857,1854,1877,1904,1884,1869,1866,1930,1949,1998,2031,2046,2107,2128,2158,2173,2195,2243,2287,2304,2371,2406,2457,2498,2513,2548,2532,2527,2545,2537,2549,2559,2559,2551,2529,2512,2489,2434,2396,2350,2272,2219,2150,2080,2026,1985,1910,1854,1781,1727,1674,1599,1535,1520,1430,1397,1315,1264,1232,1157,1142,1061,1017,982,966,932,896,843,838,811,779,777,767,735,704,679,669,669,642,628,596,584,579,559,543,531,511,522,487,501,480,467,465,464,448,445,432,416,414,416,411,403,419,409,390,390,395,393,388,394,391,384,382,379,378,375,372,362,369,382,367,377,371,361,370,371,365,368,352,357,353,368,370,351,352,371,316,359,367,352,385,350,365,367,353,367,367,354,355,363,368,374,382,365,368,355,364,366,368,367,367,368,382,365,378,363,369,378,371,369,377,371,382,378,369,377,368,384,407,368,377,368,368,368,378,384,370,364,368,366,358,369,367,362,368,352,356,372,370,373,370,371,361
"2026-09-23 20:45:22.401",259914,ON,"coriander",2462,369,366,361,362,362,359,377,366,354,366,354,368,379,368,363,359,350,358,354,359,362,358,368,357,347,361,344,360,347,357,347,354,347,354,353,359,367,348,355,374,359,388,384,391,409,432,453,528,569,653,781,957,1199,1409,1554,1643,1602,1491,1463,1296,1238,1154,1084,1009,960,944,931,944,954,991,1040,1120,1109,1169,1227,1346,1328,1392,1435,1456,1569,1585,1627,1677,1723,1767,1770,1811,1810,1806,1780,1795,1840,1856,1903,1962,1990,2032,2037,2064,2096,2119,2151,2156,2211,2279,2321,2368,2402,2425,2429,2429,2426,2462,2445,2451,2453,2462,2448,2432,2415,2391,2345,2307,2246,2176,2123,2059,2011,1951,1911,1831,1778,1712,1662,1616,1535,1489,1456,1363,1346,1269,1206,1162,1107,1104,1021,977,946,925,881,866,831,807,795,752,750,743,727,689,662,657,650,623,615,592,567,592,541,540,527,508,511,476,483,463,464,469,460,435,440,423,416,400,399,406,403,414,407,391,387,384,388,384,397,389,383,382,381,368,375,370,369,368,375,368,377,371,352,368,368,361,359,337,356,358,365,368,346,353,368,352,355,360,353,384,356,363,364,351,358,367,358,361,353,369,373,384,368,363,351,364,368,365,368,371,368,373,362,379,366,372,379,368,374,369,375,376,383,368,373,368,368,397,365,371,359,368,368,368,384,369,362,369,365,357,365,361,352,370,368,358,368,368,377,369,368,359
"2026-09-23 20:45:27.554",259914,ON,"coriander",2483,368,363,355,353,357,358,370,358,352,365,357,365,383,364,355,353,347,357,355,352,366,353,366,357,347,364,354,359,364,354,353,356,352,352,361,361,362,346,359,371,327,380,387,391,414,439,464,528,572,659,790,955,1199,1418,1570,1659,1595,1489,1415,1311,1245,1186,1072,1007,958,953,931,949,973,1019,1039,1105,1125,1181,1221,1347,1335,1371,1435,1488,1570,1584,1648,1680,1740,1785,1792,1818,1808,1802,1813,1807,1839,1872,1915,1958,1994,2023,2033,2064,2091,2113,2168,2183,2198,2279,2331,2370,2410,2410,2437,2453,2451,2463,2448,2483,2467,2477,2454,2443,2420,2417,2329,2298,2258,2179,2133,2071,2010,1955,1914,1839,1786,1717,1652,1613,1566,1503,1442,1381,1335,1281,1217,1177,1127,1099,1023,1002,966,929,886,863,822,817,787,766,753,752,711,694,660,655,652,628,610,590,569,570,554,538,526,501,509,481,493,464,466,469,460,432,438,431,407,410,402,407,403,417,406,391,399,391,367,387,395,386,385,378,379,373,372,371,366,368,374,367,379,371,364,369,369,367,362,351,366,355,365,370,353,355,368,351,367,357,343,386,357,364,368,349,362,366,352,354,363,374,373,385,368,368,354,363,366,367,367,368,368,371,360,371,368,373,380,369,377,375,371,384,374,369,370,366,374,391,368,369,367,365,368,365,383,365,357,366,362,355,368,368,354,361,353,354,371,374,378,368,370,363
"2026-09-23 20:45:32.706",259914,ON,"coriander",2439,368,367,368,355,356,352,381,362,354,365,348,371,378,370,363,357,350,358,359,355,367,355,371,360,352,367,353,364,367,358,355,357,359,355,367,361,366,353,359,373,361,383,386,394,416,439,464,528,565,654,784,950,1185,1408,1565,1629,1572,1466,1393,1285,1226,1147,1061,1000,947,944,923,939,955,989,1023,1099,1110,1164,1207,1318,1309,1352,1383,1470,1563,1562,1616,1654,1712,1746,1767,1791,1790,1786,1771,1775,1815,1851,1884,1922,1952,1994,2000,2017,2064,2096,2137,2145,2192,2255,2271,2339,2367,2383,2394,2398,2415,2426,2418,2431,2437,2439,2412,2410,2377,2368,2305,2262,2219,2149,2117,2034,1977,1920,1869,1789,1751,1680,1645,1593,1520,1465,1430,1363,1324,1259,1200,1168,1101,1077,1005,978,950,918,884,861,816,802,786,753,745,745,709,649,658,647,651,628,602,585,566,566,544,545,530,502,508,479,502,469,464,467,459,462,442,432,414,407,401,406,406,411,411,398,393,390,385,391,400,385,384,383,383,370,375,372,368,368,376,371,381,379,358,368,373,357,363,350,361,362,364,374,353,351,368,357,364,363,353,388,353,362,367,357,366,368,353,359,353,373,375,381,368,368,353,368,368,368,365,373,368,378,365,381,369,371,380,373,382,376,371,380,386,368,377,370,378,399,373,373,338,368,368,368,380,369,357,366,363,352,367,362,362,371,357,356,378,368,373,370,368,368
"2026-09-23 20:45:37.859",259914,ON,"coriander",2447,368,368,354,362,368,357,368,343,355,368,354,359,382,368,357,362,349,362,363,354,365,362,368,363,368,363,354,357,361,361,351,366,353,358,358,357,367,358,361,376,358,385,390,393,414,433,464,523,560,653,784,941,1190,1416,1535,1627,1589,1481,1387,1293,1225,1151,1070,1000,960,946,921,944,951,976,1023,1108,1104,1166,1216,1335,1327,1360,1403,1469,1562,1565,1619,1651,1709,1764,1776,1791,1776,1807,1763,1766,1815,1840,1900,1921,1975,2015,2000,2032,2055,2079,2145,2145,2177,2257,2289,2315,2355,2385,2398,2416,2397,2420,2417,2446,2438,2447,2414,2410,2374,2358,2304,2255,2226,2146,2112,2032,1967,1918,1872,1792,1755,1693,1648,1586,1513,1467,1437,1360,1318,1264,1200,1162,1094,1078,1007,962,949,920,878,855,816,802,778,758,744,745,705,688,655,654,640,624,609,593,569,562,541,542,528,499,509,480,495,465,432,464,453,432,437,422,414,416,402,405,406,399,400,397,394,393,387,389,395,389,384,383,379,373,371,373,365,368,383,367,374,369,361,371,368,364,361,341,357,359,362,368,355,358,368,354,368,360,350,381,354,365,366,353,365,369,360,361,357,373,379,379,368,367,358,362,368,370,369,368,371,383,363,378,359,371,377,351,377,372,371,369,375,368,368,366,374,399,377,373,368,374,362,384,381,368,356,365,361,356,369,366,365,369,358,365,372,372,374,368,368,368
"2026-09-23 20:45:43.011",259914,ON,"coriander",2448,367,367,363,357,365,357,378,359,353,363,352,366,381,368,366,356,342,362,363,355,368,355,368,357,350,359,351,363,362,361,352,368,357,353,365,363,367,352,355,371,367,385,395,385,459,438,464,527,567,656,789,969,1205,1422,1559,1634,1596,1487,1456,1289,1236,1162,1078,1005,962,955,944,938,947,986,1034,1114,1109,1169,1222,1341,1325,1379,1415,1475,1568,1579,1635,1664,1712,1758,1754,1799,1798,1792,1789,1759,1818,1847,1881,1934,1967,2006,2003,2037,2079,2096,2141,2170,2192,2254,2307,2332,2367,2393,2416,2421,2405,2431,2434,2442,2434,2448,2427,2418,2390,2372,2303,2269,2221,2155,2112,2053,1973,1933,1890,1811,1766,1691,1662,1584,1535,1479,1445,1365,1353,1269,1213,1168,1099,1081,1008,979,944,926,885,863,822,805,779,752,741,745,713,689,663,654,642,629,604,573,570,565,545,533,524,508,509,478,489,480,459,494,455,435,445,429,418,414,412,410,400,417,410,397,390,393,393,386,393,384,382,382,383,366,378,373,372,369,383,366,383,374,365,368,375,359,363,352,357,359,367,366,353,375,368,358,367,361,352,388,351,368,369,349,363,364,359,357,354,373,376,384,369,368,352,362,374,370,367,368,362,379,367,378,368,375,383,368,383,379,378,380,384,370,374,368,369,400,375,369,368,368,370,366,383,368,359,368,364,354,368,367,359,375,353,354,373,368,370,367,370,368
"2026-09-23 20:45:48.164",259914,ON,"coriander",2590,366,325,357,354,363,352,371,359,357,356,355,362,384,373,365,346,351,368,367,359,367,354,371,354,352,363,352,357,357,362,354,358,351,353,355,358,354,357,363,369,365,384,386,393,417,448,464,538,583,677,818,986,1244,1463,1623,1722,1664,1535,1521,1360,1286,1211,1121,1041,987,978,964,976,976,1009,1077,1155,1152,1213,1264,1390,1381,1434,1475,1535,1633,1638,1691,1733,1781,1827,1851,1874,1879,1875,1855,1870,1904,1925,1986,2006,2065,2097,2105,2139,2165,2189,2207,2256,2281,2355,2402,2431,2479,2495,2519,2514,2539,2549,2503,2590,2549,2559,2554,2512,2507,2495,2429,2365,2334,2262,2222,2139,2081,2027,1971,1893,1834,1753,1719,1676,1604,1535,1501,1415,1386,1312,1272,1211,1139,1136,1061,1014,983,960,912,891,849,832,809,784,771,757,735,714,685,676,663,592,629,605,578,576,560,559,528,526,511,494,498,475,462,471,462,447,445,432,431,418,411,414,405,421,414,395,394,394,397,384,400,384,389,387,382,377,380,378,367,369,380,368,383,372,368,368,374,364,366,356,357,360,372,365,356,354,374,358,359,366,354,387,358,366,367,353,361,368,354,357,363,365,374,382,368,362,356,368,368,365,368,368,371,383,363,370,367,374,384,368,376,373,373,371,379,370,378,369,369,397,373,373,366,370,368,363,374,373,361,368,368,358,370,368,365,368,357,359,371,366,377,369,372,368
"2026-09-23 20:45:53.316",259914,ON,"coriander",2559,368,368,359,361,364,359,381,361,352,367,355,369,384,368,364,359,349,352,355,363,368,362,377,364,354,365,352,365,368,358,357,358,354,356,365,362,368,355,339,368,362,385,390,394,421,448,478,536,592,672,816,1001,1280,1477,1629,1714,1664,1512,1513,1357,1283,1207,1117,1040,983,986,969,983,982,1017,1072,1161,1134,1215,1260,1377,1375,1443,1478,1535,1631,1629,1683,1734,1774,1811,1856,1860,1863,1866,1837,1857,1906,1920,1987,2058,2082,2103,2111,2135,2161,2195,2237,2258,2282,2366,2403,2432,2478,2496,2512,2529,2503,2559,2525,2549,2550,2559,2519,2519,2499,2477,2421,2379,2321,2259,2206,2151,2075,2032,1963,1885,1852,1767,1725,1671,1586,1535,1504,1416,1382,1315,1261,1200,1150,1125,1071,1017,980,960,929,886,846,838,802,779,770,767,727,737,680,670,665,641,624,605,582,578,560,549,535,511,527,487,496,477,470,470,464,444,448,432,417,418,407,416,384,427,410,400,398,395,396,389,401,385,387,385,386,375,377,380,368,370,384,373,373,381,363,375,371,363,368,354,367,361,374,370,345,359,370,358,362,358,349,393,355,365,366,357,373,368,359,358,362,369,372,390,368,367,350,365,373,368,368,369,381,382,378,391,368,373,383,379,382,374,373,374,377,368,373,371,378,400,367,405,368,368,368,367,387,368,357,368,364,359,368,376,357,374,355,358,368,372,375,371,368,368
"2026-09-23 20:45:58.469",259914,ON,"coriander",2559,368,365,362,361,366,359,378,363,353,366,360,365,383,357,368,363,352,356,369,362,362,357,378,363,351,367,355,365,368,359,356,359,352,356,364,365,368,356,339,372,365,384,384,368,422,442,472,533,583,679,817,997,1243,1474,1639,1717,1648,1563,1519,1350,1297,1209,1121,1043,994,975,961,979,998,1017,1071,1161,1145,1223,1258,1376,1370,1424,1485,1529,1616,1631,1693,1741,1783,1829,1849,1877,1869,1858,1838,1856,1903,1930,1975,2019,2064,2095,2112,2139,2155,2183,2224,2257,2277,2369,2401,2450,2480,2513,2528,2517,2522,2551,2533,2552,2545,2559,2542,2530,2496,2487,2394,2374,2335,2263,2198,2145,2098,2031,1974,1901,1842,1767,1717,1659,1594,1535,1502,1429,1394,1307,1263,1222,1136,1136,1065,1015,987,957,915,886,848,833,811,782,760,766,734,705,683,677,672,653,624,607,577,581,560,558,535,511,523,482,496,473,464,471,466,437,448,437,427,418,413,416,409,422,414,409,397,399,397,391,401,386,384,384,384,380,380,384,368,363,384,368,388,374,363,373,373,366,368,353,361,363,368,371,355,361,369,362,366,366,357,386,357,322,368,355,366,370,354,367,361,369,383,386,370,368,359,368,373,370,368,368,368,382,363,374,365,378,378,368,382,379,375,381,383,368,373,366,370,402,369,368,365,378,368,368,384,371,364,371,368,355,369,368,362,373,354,362,371,368,375,370,371,368
"2026-09-23 20:46:03.621",259914,ON,"coriander",2553,369,367,362,362,370,358,377,366,362,368,361,369,384,369,366,358,355,362,362,359,368,358,379,366,353,365,350,367,361,362,354,364,353,357,352,357,368,363,362,372,359,390,387,390,427,447,466,528,580,671,821,996,1237,1477,1635,1713,1657,1535,1513,1351,1279,1217,1121,1059,991,979,960,976,988,1034,1072,1154,1152,1230,1259,1383,1376,1424,1478,1535,1616,1641,1705,1734,1775,1872,1840,1867,1867,1892,1856,1852,1904,1927,1973,2019,2035,2096,2112,2130,2153,2190,2227,2256,2299,2347,2401,2437,2487,2497,2507,2522,2517,2550,2544,2545,2533,2553,2529,2541,2490,2482,2418,2370,2323,2260,2208,2141,2078,2025,1973,1905,1854,1761,1721,1674,1616,1535,1505,1420,1377,1313,1264,1220,1139,1129,1058,1019,983,928,915,893,846,829,815,784,766,765,735,704,682,686,665,644,624,608,581,582,549,545,529,521,511,490,528,483,466,478,485,439,454,432,426,417,417,414,419,432,410,403,400,394,400,388,400,385,385,386,383,384,380,378,368,371,385,369,381,373,363,371,378,368,368,352,368,366,368,375,361,361,370,363,366,368,357,386,363,358,363,359,366,368,361,365,363,378,383,384,369,371,356,365,370,371,365,342,369,406,367,377,365,375,382,368,383,377,379,384,390,370,378,368,374,400,381,374,369,377,368,368,385,375,363,368,363,339,375,370,362,375,359,365,379,371,397,372,369,371
"2026-09-23 20:46:08.774",259914,ON,"coriander",2501,368,368,362,365,368,359,382,361,356,367,362,368,384,368,363,368,352,359,365,357,367,354,370,363,356,363,351,360,369,365,350,366,354,334,359,363,368,356,373,368,362,389,384,396,425,443,465,530,580,667,813,967,1212,1439,1597,1664,1616,1510,1477,1337,1260,1170,1101,1019,976,959,947,957,967,1006,1045,1143,1121,1188,1232,1363,1350,1392,1451,1502,1599,1600,1653,1691,1728,1824,1821,1828,1822,1840,1810,1827,1871,1897,1926,1979,2015,2042,2055,2089,2113,2128,2175,2213,2256,2298,2343,2374,2429,2445,2462,2464,2448,2501,2467,2484,2480,2499,2480,2464,2437,2425,2365,2317,2288,2202,2171,2055,2023,1977,1909,1852,1794,1743,1670,1622,1557,1509,1475,1394,1351,1290,1237,1190,1126,1094,1035,1005,966,951,896,875,837,818,795,766,757,759,720,694,666,671,656,637,617,592,575,576,543,542,532,502,511,483,501,467,451,469,443,442,445,433,430,417,411,408,409,420,407,393,420,389,400,390,400,389,387,384,386,382,375,374,373,368,381,365,384,372,362,373,379,368,363,353,361,355,367,369,358,351,374,356,362,355,349,391,358,365,359,353,362,371,354,359,357,368,378,385,367,365,351,361,378,368,368,368,374,382,363,379,368,370,382,369,377,374,375,379,382,373,378,369,373,402,372,378,368,368,370,368,377,368,332,370,363,356,373,369,364,371,359,362,379,377,382,375,376,368
"2026-09-23 20:46:13.926",259914,ON,"coriander",2559,371,368,363,367,368,359,383,366,356,368,391,367,384,369,367,354,349,354,363,356,368,360,374,359,354,368,355,363,365,363,355,386,355,358,363,362,365,363,363,374,363,390,395,390,420,445,472,541,591,677,817,992,1245,1470,1630,1698,1657,1568,1520,1344,1284,1215,1113,1052,992,977,971,992,991,1023,1073,1152,1158,1226,1270,1398,1390,1435,1477,1535,1622,1634,1693,1730,1782,1840,1845,1889,1872,1872,1841,1856,1911,1920,1994,2025,2077,2101,2117,2141,2162,2188,2227,2250,2285,2349,2406,2444,2478,2506,2535,2544,2523,2550,2523,2541,2554,2559,2544,2507,2498,2493,2418,2363,2336,2249,2209,2143,2083,2017,1968,1894,1840,1762,1727,1659,1616,1534,1506,1425,1385,1296,1263,1229,1136,1117,1045,1023,981,972,919,891,846,832,803,781,783,768,741,710,687,672,673,640,619,599,583,586,557,557,543,528,511,493,499,480,474,477,470,443,448,430,426,422,413,417,414,430,410,399,398,390,397,390,400,391,387,391,383,384,384,379,367,371,384,370,371,378,365,375,377,368,368,352,368,368,367,381,361,362,369,315,366,362,353,387,359,368,362,358,362,368,355,360,359,371,379,379,368,368,356,366,368,371,365,376,368,382,368,378,368,381,383,369,382,370,378,383,387,371,377,373,381,400,377,379,368,368,372,368,383,374,361,370,368,359,368,370,368,377,357,357,379,369,381,378,372,368
"2026-09-23 20:46:19.079",259914,ON,"coriander",2623,369,368,366,366,373,365,379,367,361,369,358,368,393,371,365,365,364,365,363,362,368,362,371,367,352,368,357,358,368,362,359,362,356,355,361,366,364,355,358,377,365,390,391,391,415,446,483,540,590,687,823,1017,1264,1510,1664,1754,1685,1589,1488,1387,1297,1232,1136,1059,1007,1002,976,1008,993,1040,1090,1175,1168,1241,1296,1411,1403,1460,1519,1583,1658,1664,1742,1726,1838,1867,1903,1907,1909,1903,1886,1893,1946,1975,2002,2082,2108,2135,2148,2177,2207,2233,2277,2313,2334,2400,2431,2482,2530,2551,2582,2559,2551,2598,2587,2598,2605,2623,2588,2581,2527,2526,2449,2432,2370,2304,2249,2192,2116,2069,1971,1925,1879,1802,1750,1701,1625,1577,1535,1456,1411,1331,1289,1227,1168,1149,1079,1042,987,974,933,896,857,853,827,798,795,775,746,720,688,674,683,645,633,609,583,583,560,560,545,522,523,493,503,482,475,475,465,448,453,438,429,417,417,414,412,423,418,398,400,400,397,394,410,389,387,385,389,381,386,381,375,374,382,370,378,375,366,373,369,368,363,355,368,358,368,368,354,358,373,358,365,366,357,388,358,366,369,354,362,371,362,363,362,376,377,385,369,370,359,364,371,369,368,371,367,382,368,382,368,379,379,375,382,378,379,367,384,373,374,374,378,400,369,381,372,369,373,373,386,373,362,375,368,357,377,370,367,375,362,366,381,371,385,371,373,371
"2026-09-23 20:46:24.232",259914,ON,"coriander",2647,369,368,367,366,368,354,381,400,358,367,356,368,384,367,362,360,355,370,352,357,372,360,383,359,355,366,355,359,365,358,352,361,336,357,361,365,362,353,357,379,362,384,394,393,421,448,479,543,585,687,831,1019,1271,1520,1680,1776,1703,1601,1565,1383,1312,1237,1150,1074,1009,1007,981,998,1007,1040,1096,1178,1165,1254,1298,1418,1407,1472,1517,1584,1674,1686,1756,1791,1835,1886,1904,1923,1918,1914,1903,1909,1951,1997,2024,2083,2113,2158,2174,2202,2203,2229,2294,2327,2357,2427,2479,2503,2546,2559,2594,2605,2599,2603,2603,2627,2624,2647,2643,2599,2559,2547,2483,2435,2374,2317,2264,2205,2126,2091,2012,1952,1893,1805,1757,1702,1648,1587,1535,1454,1428,1346,1291,1233,1170,1158,1083,1049,1003,978,942,912,860,847,825,788,785,784,775,718,688,682,681,646,638,601,592,586,566,559,547,523,527,496,501,486,470,475,467,447,448,441,428,422,410,413,415,430,404,368,400,395,395,390,401,392,386,345,383,379,375,381,366,370,381,370,375,374,365,368,373,358,367,351,359,366,365,375,359,354,378,361,363,366,355,384,359,366,366,353,364,374,357,362,355,375,371,386,369,368,358,364,379,370,368,367,365,378,368,379,369,375,383,365,382,399,381,384,384,379,381,373,374,400,379,378,375,370,370,367,384,384,361,368,368,363,369,361,364,373,355,362,375,373,383,370,368,367
"2026-09-23 20:46:29.289",252189,ON,"coriander",2540,368,367,359,356,366,358,374,362,317,361,349,365,383,368,362,361,349,361,359,364,362,358,374,355,391,366,355,353,364,355,348,365,346,354,365,359,368,356,363,372,358,385,391,394,414,445,459,535,578,670,811,994,1239,1478,1638,1701,1649,1554,1505,1342,1266,1195,1105,1038,992,978,963,980,990,1004,1088,1148,1146,1209,1258,1377,1382,1421,1460,1535,1622,1637,1687,1727,1775,1827,1829,1845,1856,1861,1840,1851,1897,1910,1965,2010,2039,2091,2079,2132,2149,2173,2213,2230,2279,2339,2381,2416,2449,2481,2495,2517,2503,2525,2499,2511,2522,2540,2503,2497,2478,2453,2400,2357,2304,2244,2185,2121,2064,1998,1953,1872,1830,1748,1707,1660,1581,1533,1484,1411,1376,1296,1247,1190,1132,1108,1051,1006,977,944,915,875,835,827,801,775,767,758,726,706,670,662,659,638,613,593,571,577,551,545,530,511,511,483,500,471,464,467,464,443,447,432,426,415,411,411,411,417,405,398,400,397,393,390,401,386,384,385,384,375,375,374,370,365,381,369,380,372,362,374,374,363,366,351,360,352,365,366,353,354,368,351,358,365,347,384,355,359,363,353,362,371,358,357,358,371,371,384,368,368,356,361,368,368,368,368,368,383,365,375,368,346,384,368,378,378,376,379,380,370,373,368,391,400,373,374,368,371,365,368,375,368,361,368,368,357,368,367,358,371,359,366,370,370,381,371,368,368
"2026-09-23 20:46:34.306",252189,ON,"coriander",2599,368,361,367,356,370,357,384,361,357,358,355,358,389,368,362,362,356,362,357,362,393,367,373,365,353,365,353,359,366,358,350,362,359,358,362,357,357,332,382,369,367,396,388,395,427,450,476,541,590,688,837,1009,1275,1502,1677,1775,1702,1591,1535,1380,1307,1234,1136,1072,997,1010,978,1001,1008,1046,1091,1168,1171,1232,1295,1411,1391,1465,1489,1575,1654,1685,1723,1798,1811,1879,1872,1919,1911,1920,1889,1903,1933,1968,2007,2058,2095,2142,2144,2180,2210,2231,2271,2304,2329,2396,2447,2483,2519,2544,2559,2559,2559,2599,2585,2592,2591,2599,2592,2559,2555,2531,2465,2413,2368,2304,2237,2167,2120,2064,2009,1938,1878,1793,1755,1686,1645,1573,1520,1447,1406,1328,1278,1232,1159,1150,1055,1039,993,966,918,900,864,841,826,781,784,767,741,717,678,674,663,646,629,607,578,580,574,555,538,511,511,491,533,478,470,478,458,443,448,432,421,415,416,414,411,427,407,400,395,390,391,385,399,387,386,383,382,376,382,378,368,371,385,368,375,375,359,372,373,368,362,349,361,355,364,372,353,336,373,360,363,368,355,384,355,363,366,353,364,368,358,363,362,378,373,382,368,368,363,363,375,369,367,368,368,383,368,380,361,376,385,372,379,382,373,375,383,375,380,368,372,406,379,375,369,375,368,368,386,374,361,369,367,361,367,368,365,369,355,364,371,370,384,369,372,371
"2026-09-23 20:46:39.329",252189,ON,"coriander",2588,368,370,368,363,366,366,379,366,359,363,355,369,382,368,353,360,349,361,367,361,369,357,374,363,351,365,351,354,363,366,361,358,341,362,364,359,366,357,366,374,366,393,390,394,426,449,475,535,594,687,833,1018,1265,1511,1676,1745,1699,1589,1535,1365,1296,1230,1123,1055,1006,989,976,1003,999,1023,1093,1168,1167,1242,1287,1417,1403,1453,1509,1567,1664,1671,1717,1750,1811,1861,1867,1909,1911,1909,1872,1887,1929,1957,2001,2076,2096,2127,2133,2160,2211,2215,2255,2288,2317,2384,2427,2464,2504,2529,2554,2545,2551,2559,2559,2559,2559,2585,2588,2545,2529,2515,2433,2394,2337,2290,2222,2155,2093,2045,1984,1919,1865,1779,1730,1679,1626,1555,1518,1427,1397,1328,1265,1224,1147,1144,1069,1019,978,964,923,893,854,834,816,784,775,773,749,712,681,675,678,644,639,599,583,577,561,525,535,511,511,490,501,481,477,475,464,448,447,433,432,416,413,410,406,421,403,400,391,400,399,390,400,388,385,384,384,377,375,378,369,368,383,368,379,376,359,378,378,362,371,351,363,365,368,371,356,356,374,361,364,368,352,385,364,368,372,354,368,370,358,361,365,371,375,385,370,368,361,368,375,370,368,374,366,379,368,388,362,371,383,371,382,374,379,383,385,373,375,378,381,401,375,376,369,409,368,367,384,373,361,368,365,359,368,368,361,377,353,355,375,374,375,369,368,364
"2026-09-23 20:46:44.346",252189,ON,"coriander",2559,368,364,363,357,359,354,384,358,347,363,362,366,380,369,359,362,344,362,362,363,363,360,378,357,353,367,354,361,366,360,357,364,355,359,362,362,359,357,361,368,353,387,385,387,418,447,470,538,583,674,826,1002,1246,1488,1651,1712,1665,1575,1527,1355,1296,1217,1115,1056,1007,983,967,981,989,1021,1079,1151,1159,1216,1265,1401,1383,1433,1488,1535,1637,1653,1702,1749,1783,1847,1866,1879,1885,1873,1863,1865,1914,1933,1989,2028,2064,2102,2125,2151,2160,2198,2240,2245,2294,2355,2390,2433,2478,2523,2524,2526,2517,2542,2524,2535,2541,2559,2550,2518,2480,2496,2419,2368,2321,2259,2210,2135,2064,1991,1966,1887,1843,1764,1706,1661,1594,1524,1495,1424,1378,1317,1265,1205,1140,1120,1054,1011,985,955,912,889,834,827,810,784,758,766,741,701,678,669,657,644,624,605,573,580,548,549,532,511,527,488,496,468,464,469,464,409,448,434,419,416,415,407,400,416,412,391,374,386,397,384,400,389,384,384,383,377,343,379,368,371,384,367,378,371,365,369,368,362,365,357,363,360,366,368,354,349,370,349,359,358,348,384,355,359,361,354,367,367,357,359,361,368,373,384,371,368,351,359,368,368,370,369,363,359,366,379,368,368,385,366,372,374,370,382,379,374,398,379,374,400,371,376,368,370,368,370,375,371,377,370,364,357,369,368,366,368,354,354,374,373,381,368,368,370
"2026-09-23 20:46:49.362",252189,ON,"coriander",2603,368,366,355,361,366,336,379,363,348,368,349,367,378,368,363,358,350,363,358,357,363,359,373,360,351,365,351,390,359,357,354,356,351,364,367,366,359,358,366,376,361,384,390,394,422,448,478,534,588,683,832,1006,1274,1504,1662,1749,1695,1586,1535,1377,1313,1223,1139,1062,1007,994,974,997,991,1040,1088,1171,1163,1233,1285,1407,1395,1453,1506,1573,1646,1652,1725,1767,1819,1869,1891,1904,1906,1901,1878,1890,1920,1963,2006,2059,2096,2133,2147,2166,2198,2208,2267,2292,2317,2389,2423,2479,2514,2544,2559,2559,2550,2603,2545,2586,2586,2590,2559,2559,2527,2527,2442,2414,2352,2288,2237,2173,2105,2038,1998,1910,1863,1799,1739,1683,1621,1573,1527,1440,1394,1325,1283,1222,1153,1119,1059,1019,1003,967,922,902,847,837,812,793,770,767,735,720,688,671,665,649,624,606,592,576,557,545,539,525,526,495,498,485,470,473,464,433,448,430,422,414,410,406,412,423,411,402,398,396,395,384,399,389,400,381,381,375,379,373,365,368,378,368,373,375,357,368,369,366,372,354,365,359,365,373,353,355,371,361,361,362,355,384,358,368,369,352,371,368,356,359,362,368,375,384,369,359,357,362,369,357,368,371,369,382,368,384,368,373,385,369,348,373,369,375,378,368,373,368,371,400,368,376,371,368,366,363,383,371,360,368,365,363,369,367,358,371,361,356,377,373,384,374,377,363
"2026-09-23 20:46:54.379",252189,ON,"coriander",2547,368,368,362,361,365,336,375,364,356,365,362,336,387,368,366,362,350,363,363,359,368,363,378,366,350,368,352,357,359,363,362,360,352,363,357,355,365,361,368,374,363,400,393,397,422,448,473,542,579,688,807,999,1242,1488,1643,1715,1676,1568,1519,1345,1297,1221,1115,1041,994,976,969,970,981,1023,1070,1153,1139,1211,1251,1389,1378,1430,1475,1535,1627,1635,1698,1728,1779,1829,1846,1862,1861,1865,1840,1857,1904,1925,1969,2023,2055,2087,2103,2133,2157,2178,2225,2256,2272,2341,2383,2437,2493,2480,2515,2522,2512,2531,2519,2547,2525,2533,2535,2507,2496,2470,2402,2358,2320,2256,2197,2131,2066,2003,1963,1890,1829,1755,1722,1648,1585,1522,1497,1424,1366,1312,1254,1221,1126,1123,1040,1009,978,959,908,881,843,823,804,784,768,765,727,704,670,672,660,641,624,592,578,573,559,553,535,511,522,490,496,471,467,467,463,441,448,426,429,414,410,417,411,419,413,399,398,393,389,389,403,386,383,384,382,375,375,373,362,368,371,366,380,383,362,400,373,361,366,353,354,361,367,369,355,355,368,356,368,368,358,395,363,366,363,356,366,368,355,353,362,373,370,384,369,368,352,359,368,368,368,370,368,377,365,374,368,371,379,368,382,382,378,379,383,349,378,332,381,403,377,375,368,369,368,367,386,368,358,368,368,356,368,368,361,371,355,368,380,371,373,371,373,368
"2026-09-23 20:46:59.395",252189,ON,"coriander",2541,369,368,369,365,369,358,382,350,353,367,358,369,385,379,368,359,351,362,359,362,368,368,374,365,352,367,353,355,367,359,364,362,357,357,358,363,368,366,359,374,368,391,393,397,425,417,467,530,587,673,825,988,1242,1476,1619,1707,1666,1563,1445,1347,1287,1202,1114,1041,985,976,967,974,986,1021,1074,1149,1137,1208,1264,1389,1377,1423,1467,1535,1618,1632,1666,1739,1769,1839,1837,1857,1859,1853,1840,1851,1901,1910,1971,2017,2032,2085,2093,2127,2153,2177,2224,2240,2275,2352,2366,2418,2460,2486,2494,2514,2496,2534,2516,2538,2514,2541,2535,2496,2486,2478,2385,2354,2300,2241,2181,2109,2064,1998,1945,1882,1839,1751,1703,1664,1589,1520,1488,1407,1371,1293,1250,1200,1143,1129,1046,1011,981,957,913,880,843,832,795,771,775,766,731,704,684,651,663,627,624,596,576,576,559,545,530,511,523,492,497,476,464,479,471,442,448,432,426,426,413,415,415,422,415,397,399,396,394,389,405,387,385,390,386,382,375,378,373,371,385,371,385,384,361,370,377,368,365,368,363,357,369,372,362,356,378,354,366,368,354,394,364,354,367,354,364,370,355,354,355,370,378,380,368,369,356,365,371,368,375,372,368,381,363,379,365,373,382,369,374,374,375,384,384,379,377,369,378,401,371,373,368,374,368,369,387,370,359,369,363,362,368,368,360,378,357,362,382,372,384,369,369,368
"2026-09-23 20:47:04.412",252189,ON,"coriander",2559,369,369,364,366,366,355,382,356,350,368,357,368,382,370,366,363,353,357,362,357,359,359,378,363,351,365,355,359,363,363,358,359,359,354,366,366,368,353,365,388,364,384,389,397,426,451,474,537,581,676,823,1003,1259,1459,1645,1728,1666,1583,1468,1362,1296,1215,1115,1065,989,986,967,986,995,1023,1078,1162,1162,1235,1273,1394,1393,1438,1488,1587,1638,1650,1697,1744,1790,1843,1863,1894,1878,1889,1861,1862,1904,1962,1984,2031,2075,2114,2102,2149,2183,2196,2235,2261,2302,2377,2414,2455,2495,2514,2538,2553,2544,2553,2530,2559,2558,2549,2548,2531,2512,2494,2417,2395,2341,2265,2193,2157,2094,2023,1968,1907,1843,1777,1730,1664,1615,1553,1522,1431,1394,1317,1238,1201,1142,1136,1053,1017,983,961,914,897,844,843,802,781,777,770,735,727,685,678,678,647,624,599,579,571,551,555,528,511,511,490,498,477,467,467,465,442,447,433,422,414,410,417,411,422,409,398,394,400,391,385,400,387,390,381,379,375,374,371,368,368,381,371,384,373,361,371,372,361,366,353,364,365,366,367,354,355,369,355,359,363,352,385,362,368,366,337,367,367,359,359,391,378,374,387,370,368,359,366,368,368,327,368,368,375,367,378,398,372,383,370,380,376,379,381,380,368,379,368,381,400,372,380,374,368,367,382,388,372,358,373,366,361,368,371,367,375,355,362,377,370,379,386,374,367
"2026-09-23 20:47:09.428",252189,ON,"coriander",2549,369,368,365,365,371,357,383,366,358,367,358,371,384,368,366,362,354,363,362,360,370,366,370,367,356,371,357,360,362,325,357,355,356,361,369,359,364,359,363,372,368,386,387,395,418,451,476,537,587,681,816,991,1238,1471,1647,1725,1679,1556,1456,1360,1287,1210,1115,1046,976,989,965,987,991,1023,1074,1153,1154,1222,1267,1398,1391,1429,1472,1535,1630,1644,1689,1741,1794,1846,1837,1857,1870,1871,1851,1852,1904,1936,1979,2021,2051,2086,2117,2140,2149,2177,2230,2242,2288,2362,2384,2435,2466,2508,2512,2527,2507,2549,2544,2544,2539,2549,2543,2511,2458,2464,2411,2365,2309,2252,2201,2128,2069,2023,1957,1887,1831,1761,1695,1665,1586,1535,1499,1404,1386,1323,1258,1212,1138,1129,1053,1010,983,964,923,876,848,827,812,782,768,765,739,700,679,673,656,645,620,606,592,585,534,550,535,511,511,493,497,483,466,473,466,441,449,435,429,415,407,415,410,422,415,399,399,400,395,387,402,388,390,387,389,383,381,376,368,368,384,368,383,377,363,368,370,367,368,357,362,362,368,368,358,352,371,354,368,366,353,387,362,368,366,361,366,368,355,350,362,372,372,388,368,373,355,365,369,368,370,375,370,383,366,375,368,374,383,369,374,379,382,381,385,374,379,368,383,401,374,383,371,378,371,400,386,379,363,368,368,365,370,368,360,379,363,365,379,374,388,372,375,374
"2026-09-23 20:47:14.445",252189,ON,"coriander",2539,368,368,368,368,368,368,378,365,362,368,357,374,386,374,366,363,342,366,356,368,373,361,381,365,352,367,357,368,358,359,358,362,359,366,359,365,359,362,367,372,365,388,389,395,421,450,446,540,587,678,818,993,1243,1476,1643,1721,1664,1559,1459,1370,1289,1211,1104,1043,996,976,977,989,983,1013,1063,1148,1155,1219,1279,1390,1373,1424,1472,1535,1631,1637,1680,1739,1769,1840,1847,1867,1865,1875,1857,1854,1899,1936,1982,2004,2054,2094,2115,2128,2161,2176,2228,2261,2289,2343,2386,2416,2474,2480,2506,2515,2506,2539,2507,2533,2519,2539,2519,2512,2496,2469,2405,2377,2318,2247,2199,2139,2080,2005,1945,1890,1840,1756,1712,1645,1584,1534,1488,1400,1374,1315,1256,1173,1141,1122,1048,1014,976,962,915,874,842,827,806,779,766,759,735,706,682,665,666,641,626,600,583,577,560,549,528,506,524,479,500,475,464,469,459,447,449,432,423,418,411,414,413,420,409,400,397,399,393,381,400,393,391,385,384,371,384,374,368,370,381,373,368,375,367,416,375,371,370,356,363,365,370,370,355,353,375,355,389,368,353,390,359,363,361,354,364,368,360,351,366,369,375,384,370,368,354,368,376,374,368,373,368,387,371,375,368,377,384,372,378,379,380,385,384,372,376,368,377,406,373,375,369,368,370,370,384,383,357,374,368,366,378,370,365,377,359,368,374,371,383,371,374,368
"2026-09-23 20:47:19.461",252189,ON,"coriander",2559,368,367,366,364,369,366,384,366,357,368,359,371,386,369,366,368,350,363,367,364,370,358,370,365,355,368,355,364,367,359,353,365,356,354,366,367,369,360,363,378,364,394,388,400,427,450,475,545,589,684,829,1009,1270,1494,1651,1740,1702,1583,1504,1377,1306,1232,1134,1057,1007,993,975,991,989,1041,1077,1162,1168,1202,1286,1407,1392,1446,1497,1567,1632,1657,1721,1758,1799,1853,1855,1888,1875,1886,1857,1886,1867,1949,1997,2037,2071,2110,2128,2159,2190,2182,2243,2268,2323,2370,2421,2461,2481,2523,2533,2542,2523,2557,2541,2555,2559,2559,2554,2543,2519,2495,2431,2371,2322,2274,2210,2171,2083,2032,1987,1904,1870,1770,1728,1673,1600,1562,1502,1424,1405,1321,1273,1219,1152,1125,1058,1040,987,967,915,894,848,831,815,784,770,781,742,704,679,671,665,653,622,602,578,576,561,547,538,511,511,490,498,490,464,470,465,434,448,439,427,418,417,412,408,423,411,400,393,400,398,390,400,393,388,389,384,378,382,384,368,378,388,375,383,378,357,379,378,367,368,354,366,359,366,372,353,358,371,357,368,363,359,387,365,329,370,354,368,375,361,358,367,379,381,390,371,368,359,363,376,368,368,369,375,386,367,386,372,374,382,371,381,378,381,384,338,375,379,369,378,400,377,381,373,381,371,370,385,374,364,371,370,368,375,371,362,377,359,365,378,378,381,371,371,368
"2026-09-23 20:47:24.478",252189,ON,"coriander",2546,368,368,365,362,367,361,374,367,354,366,353,368,389,371,363,360,349,363,357,358,362,354,371,361,320,369,357,365,365,358,349,358,352,361,361,365,367,347,364,373,368,391,390,395,425,465,479,541,592,688,823,999,1259,1487,1646,1721,1665,1584,1458,1366,1293,1212,1129,1044,1005,963,975,997,995,1022,1079,1154,1157,1220,1263,1392,1381,1418,1499,1534,1639,1645,1706,1742,1786,1835,1851,1872,1874,1870,1847,1856,1910,1934,1981,2022,2064,2101,2100,2142,2165,2192,2232,2247,2272,2356,2411,2434,2479,2504,2515,2529,2509,2544,2512,2541,2535,2546,2544,2511,2494,2495,2412,2380,2320,2255,2192,2145,2083,2009,1951,1899,1840,1793,1706,1654,1599,1535,1479,1415,1376,1308,1246,1202,1136,1121,1051,1008,977,949,912,883,843,829,818,787,768,768,727,709,679,667,659,645,623,602,583,580,550,551,535,525,511,485,497,475,475,489,466,443,449,433,423,419,415,415,407,426,412,402,400,396,399,390,400,390,393,384,384,373,375,379,373,374,384,368,374,380,368,375,375,365,369,359,368,364,368,373,362,355,368,356,360,367,355,391,363,357,339,354,368,370,362,362,363,373,380,398,368,370,359,368,374,368,373,371,370,385,369,391,371,383,387,368,381,379,384,387,390,375,376,368,382,402,373,373,370,368,359,369,386,373,359,369,368,359,379,368,359,373,358,366,374,370,381,374,369,369
"2026-09-23 20:47:29.495",252189,ON,"coriander",2549,367,368,364,366,366,363,384,361,359,370,358,368,386,371,362,367,350,367,366,363,370,364,374,368,357,366,359,362,363,364,353,367,363,358,366,363,368,362,363,387,364,388,391,401,417,453,477,539,586,686,825,1005,1270,1502,1634,1728,1664,1573,1477,1355,1287,1214,1123,1049,990,983,967,981,985,1023,1086,1164,1139,1222,1273,1403,1379,1429,1493,1535,1623,1637,1697,1742,1747,1840,1857,1863,1875,1870,1847,1853,1887,1923,1981,2043,2062,2109,2096,2123,2151,2187,2236,2247,2273,2339,2405,2427,2486,2483,2517,2523,2501,2549,2516,2534,2541,2547,2530,2510,2480,2463,2390,2366,2306,2227,2186,2127,2061,2000,1954,1874,1830,1759,1697,1657,1595,1529,1494,1419,1374,1312,1252,1211,1141,1120,1052,1017,974,957,912,873,834,839,805,779,768,767,736,702,676,668,657,646,628,598,589,576,549,547,538,511,511,487,500,471,463,475,471,443,448,433,418,416,414,403,409,419,416,400,394,400,395,390,400,392,387,384,383,373,381,379,384,370,382,370,384,378,366,368,381,366,368,357,359,358,368,371,353,354,374,357,368,364,355,387,360,364,368,352,361,368,361,356,358,374,366,386,366,370,362,368,374,369,368,368,377,383,370,384,368,369,382,379,403,384,378,386,386,372,379,375,381,402,378,372,368,377,372,371,386,378,368,369,368,368,375,370,365,374,368,361,375,379,383,373,374,371
"2026-09-23 20:47:34.511",252189,ON,"coriander",2587,368,371,363,362,363,365,381,362,364,368,363,371,384,370,366,362,357,365,366,366,366,363,379,362,354,365,355,362,366,360,353,367,356,358,366,363,368,359,368,371,361,389,388,400,420,454,478,549,592,676,835,1001,1265,1518,1660,1750,1655,1599,1535,1366,1323,1239,1136,1058,1005,1004,990,986,1004,1040,1087,1169,1170,1234,1294,1417,1395,1450,1510,1555,1654,1664,1714,1754,1808,1876,1865,1905,1892,1888,1872,1875,1930,1956,2000,2055,2083,2121,2137,2163,2182,2209,2271,2282,2291,2384,2420,2463,2496,2527,2540,2544,2545,2554,2543,2583,2559,2587,2545,2555,2521,2501,2436,2389,2352,2261,2208,2159,2083,2045,1984,1909,1851,1791,1740,1687,1618,1555,1506,1437,1406,1328,1259,1219,1141,1132,1072,1035,991,957,921,889,851,843,822,792,774,770,725,720,676,662,666,647,631,607,590,581,561,556,534,530,528,497,503,478,477,477,471,432,450,433,421,418,417,419,415,427,417,395,400,411,394,391,403,399,384,385,386,376,374,378,370,368,379,372,380,373,366,372,377,366,368,355,363,362,365,371,356,363,369,354,368,361,355,384,365,368,365,354,368,374,357,363,362,379,381,387,371,369,356,367,371,370,369,373,371,384,369,385,378,383,387,367,381,372,379,383,381,370,381,373,375,400,370,384,371,373,373,368,390,369,362,371,370,363,378,380,364,371,358,366,378,374,383,370,379,368
"2026-09-23 20:47:39.528",252189,ON,"coriander",2559,369,368,368,368,369,357,385,367,360,372,354,371,387,373,368,369,354,374,359,368,371,364,377,369,353,368,354,367,365,359,357,362,356,357,362,361,368,354,366,379,367,385,387,400,426,450,479,544,588,687,827,1008,1264,1490,1650,1733,1690,1591,1535,1378,1307,1230,1136,1061,992,989,965,986,1008,1039,1088,1162,1163,1227,1289,1403,1378,1439,1497,1566,1631,1655,1701,1747,1802,1846,1867,1889,1869,1870,1851,1869,1909,1932,1995,2033,2073,2113,2122,2134,2160,2192,2251,2256,2289,2351,2399,2431,2496,2517,2528,2525,2518,2544,2531,2546,2534,2559,2533,2528,2489,2487,2384,2372,2326,2258,2205,2122,2062,2017,1961,1898,1845,1758,1712,1677,1607,1530,1507,1422,1379,1303,1258,1211,1137,1119,1050,1008,978,960,918,890,843,834,811,784,767,768,734,705,688,673,673,647,627,604,581,582,555,552,534,511,511,492,502,477,475,471,466,445,450,433,430,417,416,416,404,427,417,400,400,400,397,389,402,390,384,387,385,376,384,372,370,372,387,370,382,376,368,391,384,367,368,353,355,365,368,369,360,362,383,355,368,365,352,393,361,370,368,355,364,370,357,355,362,377,383,387,373,370,363,368,370,374,370,368,368,384,368,378,371,370,388,377,384,378,368,384,362,373,379,378,379,407,374,377,379,371,374,372,373,375,368,365,368,368,374,369,359,384,368,369,379,377,389,378,377,379
"2026-09-23 20:47:44.544",252189,ON,"coriander",2615,368,366,364,362,369,359,381,362,357,375,362,369,384,367,367,363,359,359,361,364,368,363,373,365,355,368,353,358,368,368,358,361,355,363,364,362,368,363,364,375,366,384,389,391,427,455,477,543,594,701,843,1023,1282,1530,1691,1782,1713,1614,1566,1414,1319,1242,1158,1072,1023,1013,992,1008,1023,1047,1094,1178,1176,1264,1311,1435,1418,1473,1520,1591,1666,1691,1744,1789,1835,1877,1898,1930,1920,1909,1908,1908,1946,1979,2023,2086,2105,2146,2160,2190,2224,2246,2287,2320,2328,2416,2441,2509,2538,2587,2559,2597,2587,2608,2598,2608,2608,2613,2615,2559,2543,2544,2455,2431,2367,2309,2243,2190,2109,2065,1970,1917,1883,1785,1738,1706,1622,1582,1527,1442,1413,1334,1289,1235,1173,1143,1072,1039,996,975,932,906,859,841,825,789,790,781,742,718,688,667,675,648,627,604,592,582,560,558,537,528,511,496,506,487,471,480,475,443,447,432,419,421,415,409,411,432,416,402,399,397,397,390,400,394,393,385,383,377,382,374,366,374,384,368,385,383,366,374,379,368,368,353,357,363,365,372,359,359,375,358,365,366,359,393,366,368,368,355,368,369,361,355,359,377,373,382,373,366,357,368,370,370,366,373,367,383,369,377,371,372,382,371,371,377,374,383,383,371,378,369,379,402,420,381,373,373,368,368,389,372,365,369,364,365,374,373,360,373,354,366,384,372,384,369,375,368
"2026-09-23 20:47:49.763",244560,ON,"coriander",2548,354,368,378,359,365,365,375,357,359,375,355,367,382,370,352,361,348,361,359,363,367,359,374,363,354,362,346,363,365,359,355,360,358,358,358,358,366,355,361,376,358,380,382,387,420,447,475,535,601,688,817,1006,1248,1495,1648,1744,1669,1584,1535,1362,1295,1206,1122,1055,1005,993,991,980,989,1023,1075,1153,1157,1219,1280,1392,1389,1440,1492,1553,1622,1649,1697,1743,1806,1830,1856,1888,1865,1872,1855,1872,1906,1946,1947,2020,2053,2103,2107,2144,2150,2192,2224,2241,2288,2367,2391,2448,2487,2509,2523,2531,2521,2545,2519,2548,2547,2545,2538,2499,2496,2469,2410,2381,2304,2242,2192,2129,2064,2021,1965,1891,1845,1751,1723,1643,1578,1535,1511,1408,1387,1297,1261,1217,1138,1119,1043,1008,976,955,916,890,847,830,807,786,768,767,724,704,675,663,661,640,624,595,583,574,560,550,537,505,523,495,496,478,470,467,459,440,448,433,417,418,411,413,407,417,412,399,396,390,397,386,400,390,388,387,383,378,381,378,371,371,381,373,379,373,367,374,373,368,366,352,367,361,362,369,329,354,369,357,362,361,350,384,361,367,365,350,363,368,354,357,364,366,380,384,368,368,350,362,394,368,370,368,368,376,367,380,368,375,383,371,378,380,375,384,387,374,374,371,363,400,373,376,370,370,368,368,389,370,359,369,368,356,373,368,365,373,354,359,377,370,383,370,371,368
"2026-09-23 20:47:54.945",244560,ON,"coriander",2556,370,379,360,382,368,363,383,359,358,368,356,368,390,371,357,359,352,367,358,361,368,364,374,365,363,368,357,359,365,362,357,365,360,359,362,355,367,361,365,378,365,387,390,391,422,449,469,546,592,688,827,1011,1261,1498,1664,1742,1669,1577,1479,1361,1298,1201,1137,1049,1005,988,976,979,1005,1022,1075,1147,1161,1228,1262,1395,1379,1446,1488,1568,1635,1643,1703,1737,1792,1853,1862,1879,1888,1873,1855,1851,1897,1954,2000,2033,2076,2107,2109,2133,2162,2175,2224,2269,2278,2366,2414,2445,2486,2510,2511,2522,2507,2547,2530,2545,2542,2556,2539,2518,2482,2475,2401,2367,2329,2256,2209,2137,2066,2011,1953,1887,1834,1765,1712,1660,1594,1533,1501,1415,1379,1309,1250,1201,1121,1127,1055,1011,976,955,912,885,837,825,798,771,741,732,736,708,674,668,657,642,635,599,575,577,556,554,530,511,511,494,496,473,467,471,464,445,441,443,420,395,410,409,407,419,401,405,398,395,395,390,402,387,384,387,381,380,381,373,368,369,383,367,383,379,367,372,374,366,368,353,368,350,371,374,362,357,370,361,368,366,353,390,357,365,367,357,368,371,359,359,362,372,381,386,368,368,365,365,368,374,366,368,367,378,366,383,367,373,386,376,374,379,374,383,384,375,384,369,373,400,374,379,369,383,373,378,382,370,363,374,365,357,374,368,373,370,359,363,377,373,383,378,370,368
"2026-09-23 20:48:00.129",244560,ON,"coriander",2544,368,369,361,358,369,361,379,365,357,362,358,368,384,371,365,366,350,366,361,359,368,361,378,367,358,365,352,359,368,358,351,359,358,358,358,354,374,358,363,368,363,385,390,400,426,449,478,542,589,688,819,1001,1270,1505,1666,1733,1686,1575,1478,1367,1291,1214,1135,1057,1003,990,973,993,995,1022,1079,1143,1172,1232,1274,1398,1392,1445,1487,1555,1630,1638,1703,1769,1779,1844,1851,1872,1873,1886,1846,1852,1912,1936,1984,2028,2047,2102,2112,2147,2167,2193,2234,2256,2281,2363,2405,2430,2472,2487,2507,2522,2517,2527,2519,2530,2538,2544,2534,2520,2506,2467,2391,2357,2321,2243,2179,2126,2055,1995,1951,1874,1843,1765,1703,1654,1586,1535,1499,1397,1379,1302,1247,1213,1139,1123,1040,1020,963,954,915,883,831,832,799,768,773,765,732,705,675,669,662,647,624,593,579,583,555,550,534,510,511,479,496,476,466,469,464,444,448,431,423,418,410,415,407,429,405,402,391,395,391,389,400,391,407,391,384,383,384,375,366,384,379,369,381,379,365,373,370,363,371,355,367,361,368,373,355,358,371,357,361,347,351,385,363,362,366,352,358,370,357,363,352,378,372,379,370,368,363,364,368,374,368,369,365,384,366,378,368,378,384,368,382,377,380,381,383,369,378,370,370,403,373,374,372,368,371,368,384,375,363,373,368,363,382,370,363,374,355,362,377,368,381,371,373,368
"2026-09-23 20:48:05.311",244560,ON,"coriander",2608,368,367,366,336,368,363,384,368,354,367,362,368,382,371,366,363,334,366,367,364,369,366,383,359,358,363,336,365,367,363,354,365,352,360,359,367,366,356,363,375,366,393,389,400,429,454,479,544,592,697,838,1023,1293,1518,1674,1764,1712,1598,1535,1381,1309,1232,1142,1068,1014,1004,979,997,1008,1052,1099,1168,1170,1250,1302,1421,1400,1466,1509,1563,1655,1666,1727,1765,1815,1861,1856,1904,1903,1904,1886,1891,1985,1968,2027,2037,2093,2129,2138,2160,2189,2218,2260,2294,2320,2385,2422,2479,2507,2545,2547,2559,2559,2599,2559,2591,2559,2608,2559,2553,2512,2527,2445,2410,2368,2298,2226,2155,2113,2045,1986,1919,1874,1787,1739,1670,1617,1568,1535,1439,1383,1333,1278,1229,1167,1141,1071,1019,984,972,921,890,854,855,817,786,770,771,735,712,680,683,672,640,625,601,578,585,566,558,539,511,511,493,511,474,475,483,470,444,451,441,430,422,417,409,411,419,407,403,395,390,395,400,403,397,384,387,384,379,379,383,367,368,383,377,382,382,363,377,370,368,369,352,367,362,368,375,359,362,370,367,367,368,358,396,359,368,368,357,365,368,359,365,359,370,380,385,365,368,358,368,370,367,368,371,367,378,366,382,369,381,383,371,378,379,374,384,383,375,380,375,373,401,377,377,376,377,368,368,385,368,361,371,369,354,373,368,367,363,358,363,384,373,381,368,373,368
"2026-09-23 20:48:10.495",244560,ON,"coriander",2615,369,368,364,363,369,365,384,365,361,367,362,391,386,368,365,364,347,366,359,368,368,366,374,368,359,368,359,363,358,365,363,367,359,365,359,367,347,354,361,378,368,388,400,401,425,459,475,544,592,690,832,1040,1289,1531,1681,1763,1714,1616,1581,1392,1319,1235,1159,1081,1022,1014,997,1011,1013,1045,1105,1176,1171,1257,1298,1437,1425,1461,1524,1579,1652,1663,1739,1775,1831,1887,1894,1927,1907,1917,1895,1913,1953,1987,2023,2082,2105,2141,2166,2192,2225,2245,2277,2303,2342,2410,2448,2490,2549,2559,2559,2603,2581,2601,2593,2615,2599,2615,2602,2559,2534,2544,2458,2426,2369,2300,2247,2187,2112,2061,2007,1939,1872,1808,1757,1683,1628,1559,1520,1440,1407,1335,1286,1225,1156,1141,1086,1040,995,976,938,897,853,841,815,790,779,780,746,713,691,677,677,647,627,612,589,583,560,592,549,525,511,501,501,480,471,461,468,443,448,439,425,422,410,415,410,418,413,400,398,398,397,389,405,391,386,386,387,378,384,379,373,368,384,369,378,378,367,372,378,368,368,353,367,368,368,370,362,368,377,362,368,363,355,387,362,365,363,355,368,374,354,363,362,373,378,388,368,370,362,367,378,366,374,373,370,387,368,384,373,376,385,369,382,374,381,389,389,375,375,370,378,403,382,377,369,379,369,368,386,378,366,375,370,367,373,367,366,378,362,365,375,368,384,369,381,371
"2026-09-23 20:48:15.729",244560,ON,"coriander",2559,368,397,366,365,368,362,378,368,363,368,355,374,387,368,331,366,346,364,364,362,375,356,368,368,357,365,356,365,365,363,358,364,359,359,366,368,368,354,362,383,369,398,390,399,431,452,476,550,592,700,841,1015,1270,1516,1664,1781,1710,1595,1559,1379,1309,1232,1134,1069,1007,998,973,994,1005,1038,1088,1189,1168,1234,1289,1406,1401,1456,1493,1570,1648,1654,1715,1766,1807,1869,1869,1902,1894,1882,1871,1888,1923,1941,2002,2045,2079,2112,2141,2159,2189,2205,2241,2268,2303,2390,2406,2455,2502,2527,2541,2541,2549,2559,2551,2559,2557,2559,2550,2544,2523,2498,2427,2384,2338,2270,2209,2135,2094,2031,1975,1903,1840,1776,1715,1664,1616,1535,1505,1420,1392,1312,1259,1219,1152,1136,1061,1023,975,960,912,894,845,829,814,784,765,769,738,710,681,666,672,640,624,598,586,579,559,550,533,511,511,487,502,477,473,477,471,443,447,438,424,421,406,414,414,427,413,400,396,400,394,394,402,384,394,389,381,377,378,375,369,369,384,374,382,383,359,373,372,368,368,355,362,367,370,368,360,363,370,357,368,367,352,391,366,366,368,351,368,373,362,366,365,373,384,389,374,373,359,368,370,369,369,369,368,379,368,384,371,378,386,369,377,382,365,387,384,372,375,375,382,403,379,375,373,374,369,368,390,373,368,373,366,364,375,374,366,374,366,368,381,375,384,400,376,367
"2026-09-23 20:48:20.920",244560,ON,"coriander",2623,369,368,367,368,368,361,380,368,358,368,361,373,390,377,365,365,350,362,362,356,368,359,379,363,349,368,359,365,367,365,363,362,358,361,368,363,366,383,369,375,368,395,396,398,425,452,485,546,594,705,841,1040,1286,1525,1693,1775,1713,1600,1571,1392,1326,1235,1141,1077,1015,1006,999,1005,1008,1044,1102,1187,1170,1261,1306,1427,1409,1462,1510,1584,1659,1679,1746,1783,1831,1880,1894,1905,1895,1911,1892,1897,1939,1970,2032,2074,2106,2143,2149,2171,2211,2224,2288,2298,2342,2411,2448,2489,2539,2548,2559,2606,2559,2588,2586,2608,2590,2623,2590,2558,2549,2543,2461,2427,2361,2295,2256,2160,2111,2062,1999,1918,1879,1790,1744,1698,1615,1565,1527,1455,1399,1325,1280,1223,1168,1133,1074,1040,987,976,926,906,855,848,818,787,784,777,746,720,694,684,675,652,637,606,592,579,565,556,541,524,527,493,503,481,477,480,471,447,448,448,428,429,414,410,412,432,413,400,400,400,400,391,405,393,395,391,368,379,378,379,370,369,383,377,384,382,368,379,373,368,409,362,368,367,371,371,365,359,365,357,368,368,354,389,358,369,367,352,368,369,362,366,364,371,381,384,368,369,359,368,368,369,368,374,368,381,369,379,370,382,387,374,381,380,377,384,387,374,377,377,379,405,372,377,372,371,374,378,389,373,365,369,368,362,373,370,360,377,357,362,383,373,384,374,378,371
"2026-09-23 20:48:26.093",237378,ON,"coriander",2581,368,368,369,362,368,364,384,361,353,368,363,371,387,370,362,362,349,364,358,362,385,356,375,362,354,349,352,361,368,360,355,363,354,358,363,366,365,361,363,378,366,395,394,400,426,450,477,541,592,688,832,1018,1268,1505,1667,1703,1683,1595,1535,1383,1307,1211,1134,1051,1004,995,976,987,1004,1023,1082,1162,1167,1233,1283,1377,1406,1451,1488,1562,1648,1662,1729,1757,1799,1850,1871,1900,1902,1872,1865,1875,1924,1938,1995,2031,2073,2102,2118,2156,2165,2218,2238,2266,2301,2362,2416,2443,2499,2515,2512,2530,2530,2559,2532,2543,2543,2581,2537,2530,2512,2495,2432,2385,2326,2230,2202,2145,2066,2030,1968,1878,1842,1776,1717,1673,1600,1555,1501,1423,1386,1311,1254,1201,1145,1125,1054,1022,978,943,914,885,848,827,816,777,772,774,725,707,687,672,658,637,624,606,585,576,549,549,535,525,511,487,496,471,469,474,462,442,454,432,422,416,411,416,413,423,414,400,400,400,397,390,400,388,384,386,388,375,374,384,369,368,383,375,380,400,368,370,377,366,368,354,366,366,368,370,359,350,374,361,364,368,353,391,358,364,362,359,368,377,358,361,365,369,380,386,374,367,353,366,371,370,376,372,371,384,367,383,371,373,384,371,383,375,373,385,382,379,378,370,379,406,377,373,375,369,369,372,384,375,367,368,363,359,370,368,367,371,355,358,372,369,381,371,374,367
"2026-09-23 20:48:31.140",237378,ON,"coriander",2592,368,368,362,363,365,359,378,366,358,374,355,373,384,368,356,360,352,362,363,363,368,356,382,358,355,359,355,362,362,362,361,359,357,352,356,362,368,355,362,374,362,385,390,397,427,451,478,543,594,693,834,1020,1279,1531,1686,1770,1712,1611,1563,1392,1323,1239,1151,1071,1011,997,988,1008,1015,1053,1072,1171,1182,1223,1281,1447,1409,1461,1490,1597,1658,1679,1735,1782,1816,1895,1902,1917,1919,1906,1897,1903,1937,1968,2011,2074,2096,2127,2155,2178,2199,2218,2269,2295,2317,2387,2439,2480,2541,2559,2557,2559,2541,2592,2559,2592,2559,2588,2583,2557,2554,2522,2445,2424,2366,2288,2231,2160,2112,2038,2000,1907,1869,1799,1733,1689,1606,1562,1515,1437,1392,1322,1275,1227,1164,1146,1062,1035,999,974,933,894,848,817,823,785,777,768,739,718,688,679,667,647,624,608,587,592,561,550,535,511,510,491,503,477,470,479,465,449,448,435,427,423,410,411,405,425,413,399,426,397,396,384,399,386,384,384,381,374,379,381,368,368,384,370,375,374,364,368,370,366,368,353,357,368,371,373,354,354,374,357,358,367,349,382,353,363,368,352,363,368,355,358,358,375,374,385,369,368,357,365,368,366,363,370,373,382,371,381,368,370,385,370,375,390,378,385,378,371,380,371,384,400,371,377,371,368,368,370,386,371,364,365,365,362,375,369,364,372,363,359,377,373,376,369,373,368
"2026-09-23 20:48:36.190",237378,ON,"coriander",2601,366,368,363,367,368,355,382,367,358,368,353,372,382,370,367,366,350,363,364,363,371,359,377,365,353,367,358,361,354,355,354,367,398,352,358,362,366,356,362,379,361,387,394,400,426,452,479,545,598,691,845,1023,1293,1532,1700,1776,1712,1629,1575,1408,1324,1243,1151,1079,1010,1008,992,1008,1014,1045,1101,1185,1187,1251,1300,1435,1414,1457,1519,1587,1659,1674,1742,1773,1827,1883,1885,1908,1922,1907,1890,1894,1954,1973,2015,2070,2106,2130,2159,2173,2234,2234,2287,2293,2322,2387,2437,2478,2555,2535,2558,2559,2559,2601,2559,2580,2594,2592,2579,2559,2537,2512,2448,2387,2368,2270,2242,2166,2102,2039,1993,1924,1881,1787,1742,1679,1630,1574,1508,1446,1397,1300,1273,1235,1161,1131,1072,1040,993,961,927,894,859,848,815,798,778,773,730,717,679,678,663,650,629,605,583,582,560,555,542,523,526,489,503,483,467,476,471,453,445,432,425,416,416,411,416,421,412,400,393,389,384,394,400,389,380,384,384,383,379,369,368,369,381,367,386,381,362,378,374,366,366,351,363,363,363,369,362,351,375,359,366,362,352,389,357,361,363,357,368,366,359,355,361,375,375,384,373,368,357,368,370,370,368,373,371,382,367,379,368,378,384,368,377,374,373,381,377,370,375,372,381,400,369,373,372,371,369,368,390,373,362,370,368,367,368,370,362,373,361,362,375,371,382,374,379,368
"2026-09-23 20:48:41.239",237378,ON,"coriander",2638,368,370,368,362,368,357,380,366,357,368,356,373,386,369,365,365,349,363,355,361,368,359,372,362,352,368,355,354,366,361,346,365,366,358,368,363,367,357,365,374,368,389,390,399,429,453,480,550,601,709,860,1039,1319,1560,1712,1797,1753,1646,1594,1417,1342,1261,1167,1055,1037,1023,995,1010,1036,1070,1124,1189,1200,1265,1329,1437,1437,1489,1530,1605,1701,1707,1757,1805,1840,1907,1915,1936,1947,1937,1917,1925,1968,1987,2035,2099,2139,2155,2176,2210,2235,2255,2289,2337,2366,2438,2466,2508,2539,2559,2597,2618,2597,2638,2611,2637,2611,2637,2615,2599,2557,2555,2480,2432,2383,2311,2258,2206,2141,2078,2016,1933,1883,1809,1773,1703,1649,1568,1559,1461,1415,1346,1280,1238,1167,1157,1087,1040,1005,976,916,895,853,849,818,796,781,770,739,718,691,688,675,646,674,615,591,591,562,559,544,492,523,496,499,479,480,481,471,447,451,435,426,423,417,414,416,425,416,401,395,393,400,386,400,387,393,386,384,380,380,381,369,378,381,371,381,379,366,371,375,367,368,354,367,368,368,377,357,361,373,356,361,366,351,384,361,368,368,355,365,370,363,355,366,370,375,384,369,369,359,368,371,378,368,376,369,384,369,378,365,384,384,372,375,381,378,384,382,372,382,373,384,405,375,373,369,381,368,368,383,370,361,368,367,359,375,369,365,378,350,367,375,369,382,374,372,368
